state,county,population_density
AK,North Slope Borough,0.10
AK,Lake and Peninsula Borough,0.05
AK,Nome Census Area,0.34
AK,Ketchikan,2.03
AK,Aleutians East Borough,0.21
AK,Aleutians West Census Area,0.39
AK,Haines,0.92
AK,Kenai,2.24
AK,Anchorage Municipality,149.46
AK,Juneau,9.65
AK,Anchorage,149.46
AK,Dillingham Census Area,0.23
AK,Kenai Peninsula Borough,2.24
AK,Northwest Arctic Borough,0.19
AK,Hoonah-Angoon,0.22
AK,Prince of Wales-Hyder Census Area,0.57
AK,Denali Borough,0.14
AK,Haines Borough,0.92
AK,Bristol Bay Borough,1.13
AK,Bristol,1.13
AK,Yakutat City and Borough,0.07
AK,Kodiak Island Borough,1.13
AK,Ketchikan Gateway Borough,2.03
AK,Sitka City and Borough,1.85
AK,Skagway Municipality,2.08
AK,Fairbanks,13.18
AK,Matanuska-Susitna Borough,3.55
AK,Bethel Census Area,0.38
AK,Wrangell City and Borough,0.68
AK,Southeast Fairbanks Census Area,0.28
AK,Kodiak,1.13
AK,Aleutians,0.39
AK,Wade Hampton Census Area,0.38
AK,Bethel,0.38
AK,Aleutians,0.21
AK,Petersburg Census Area,0.83
AK,Valdez-Cordova Census Area,0.24
AK,Dillingham,0.23
AK,Lake,0.05
AK,Yukon-Koyukuk Census Area,0.04
AK,Juneau City and Borough,9.65
AK,Hoonah-Angoon Census Area,0.22
AK,Fairbanks North Star Borough,13.18
AK,Denali,0.14
AL,Crenshaw,22.70
AL,Covington,36.20
AL,Hale,23.96
AL,Walker,83.20
AL,Crenshaw,22.70
AL,Autauga,90.48
AL,Jackson,47.18
AL,Russell,82.32
AL,Cherokee,43.28
AL,Conecuh,15.50
AL,Jackson,47.18
AL,Coffee,73.74
AL,Bibb,36.54
AL,Lamar,23.95
AL,Barbour,30.22
AL,Choctaw,15.04
AL,Morgan,199.58
AL,Monroe,22.24
AL,Blount,88.14
AL,Chambers,56.56
AL,Coosa,17.64
AL,Hale,23.96
AL,Franklin,49.12
AL,St. Clair,128.21
AL,Covington,36.20
AL,Chilton,62.33
AL,Baldwin,90.37
AL,Limestone,136.99
AL,Sumter,15.05
AL,Jefferson,585.77
AL,Colbert,87.41
AL,Marion,41.44
AL,Conecuh,15.50
AL,Clarke,20.58
AL,Marshall,149.51
AL,Butler,26.93
AL,Clay,22.91
AL,Greene,13.63
AL,Winston,38.63
AL,Clay,22.91
AL,Geneva,46.28
AL,Calhoun,193.44
AL,Bullock,17.41
AL,Geneva,46.28
AL,Wilcox,12.76
AL,Bibb,36.54
AL,Choctaw,15.04
AL,Coosa,17.64
AL,Henry,30.42
AL,Washington,16.17
AL,Cleburne,26.68
AL,Cleburne,26.68
AL,Tallapoosa,54.15
AL,Talladega,107.94
AL,Blount,88.14
AL,Clarke,20.58
AL,Marengo,21.32
AL,Greene,13.63
AL,Houston,175.00
AL,Coffee,73.74
AL,Colbert,87.41
AL,Chilton,62.33
AL,Limestone,136.99
AL,Randolph,39.25
AL,Jefferson,585.77
AL,Mobile,251.48
AL,Lawrence,47.83
AL,Elmore,120.91
AL,Dale,89.46
AL,Calhoun,193.44
AL,Dallas,44.11
AL,Chambers,56.56
AL,Macon,35.13
AL,Pike,48.97
AL,Henry,30.42
AL,Shelby,242.16
AL,Lauderdale,128.86
AL,Madison,413.73
AL,Pickens,22.14
AL,Lee,228.63
AL,Fayette,27.40
AL,Lamar,23.95
AL,Lawrence,47.83
AL,DeKalb,91.33
AL,Lauderdale,128.86
AL,Perry,14.55
AL,Elmore,120.91
AL,Houston,175.00
AL,Escambia,40.20
AL,Montgomery,287.28
AL,Etowah,190.48
AL,Lowndes,15.56
AL,DeKalb,91.33
AL,Tuscaloosa,144.35
AL,Baldwin,90.37
AL,Butler,26.93
AL,Barbour,30.22
AL,Etowah,190.48
AL,Cherokee,43.28
AL,Dallas,44.11
AL,Fayette,27.40
AL,Bullock,17.41
AL,Dale,89.46
AL,Franklin,49.12
AL,Autauga,90.48
AL,Escambia,40.20
AL,Cullman,106.56
AL,Cullman,106.56
AL,Lee,228.63
AR,Carroll,43.16
AR,Izard,23.43
AR,Stone,20.37
AR,Jackson,28.13
AR,Carroll,43.16
AR,Boone,61.28
AR,Lee,16.75
AR,Newton,10.11
AR,Lafayette,14.00
AR,Calhoun,8.43
AR,Sevier,29.48
AR,Grant,28.26
AR,White,74.21
AR,Baxter,70.82
AR,Cleburne,43.91
AR,Lincoln,24.60
AR,Saline,147.34
AR,Cleveland,14.51
AR,Chicot,17.07
AR,Mississippi,50.41
AR,Searcy,12.25
AR,Monroe,13.07
AR,Jefferson,84.61
AR,Sebastian,229.93
AR,Lawrence,29.54
AR,Greene,72.80
AR,Scott,12.55
AR,Marion,26.00
AR,Bradley,17.60
AR,Madison,18.75
AR,Ashley,23.22
AR,Izard,23.43
AR,Logan,30.51
AR,Arkansas,18.39
AR,Howard,23.23
AR,St. Francis,43.85
AR,Hot,53.27
AR,Independence,47.69
AR,Clark,26.00
AR,Bradley,17.60
AR,Miller,68.26
AR,Calhoun,8.43
AR,Nevada,14.45
AR,Boone,61.28
AR,Benton,252.20
AR,Hempstead,30.45
AR,Hempstead,30.45
AR,Lonoke,85.57
AR,Little River,23.25
AR,Washington,214.21
AR,Lincoln,24.60
AR,Montgomery,11.85
AR,Clay,25.03
AR,Independence,47.69
AR,Sharp,28.50
AR,Johnson,37.40
AR,Howard,23.23
AR,Jefferson,84.61
AR,Jackson,28.13
AR,Hot Spring,53.27
AR,Phillips,29.82
AR,Randolph,27.36
AR,Polk,23.98
AR,Pulaski,474.95
AR,Faulkner,171.73
AR,Drew,22.34
AR,Van Buren,23.88
AR,Garland,130.89
AR,Cross,28.67
AR,Cleburne,43.91
AR,Faulkner,171.73
AR,Cleveland,14.51
AR,Cross,28.67
AR,Crittenden,80.07
AR,Lee,16.75
AR,Crittenden,80.07
AR,Woodruff,12.19
AR,Crawford,102.76
AR,Baxter,70.82
AR,Craighead,135.71
AR,Fulton,19.69
AR,Pope,74.76
AR,Garland,130.89
AR,Fulton,19.69
AR,Franklin,29.24
AR,Prairie,12.88
AR,Columbia,32.25
AR,Conway,37.50
AR,Conway,37.50
AR,Crawford,102.76
AR,Clay,25.03
AR,Dallas,12.07
AR,Lafayette,14.00
AR,Pike,18.36
AR,Union,39.40
AR,Johnson,37.40
AR,Drew,22.34
AR,Greene,72.80
AR,Yell,23.35
AR,Grant,28.26
AR,Desha,15.83
AR,Dallas,12.07
AR,Columbia,32.25
AR,Ashley,23.22
AR,Perry,18.64
AR,Chicot,17.07
AR,Craighead,135.71
AR,Poinsett,32.14
AR,Ouachita,35.29
AR,Clark,26.00
AR,Franklin,29.24
AR,Benton,252.20
AR,Arkansas,18.39
AR,Desha,15.83
AR,Lawrence,29.54
AZ,La Paz,4.53
AZ,La,4.53
AZ,Yavapai,25.90
AZ,Apache,6.40
AZ,Pinal,71.77
AZ,Pima,106.86
AZ,Mohave,14.89
AZ,Apache,6.40
AZ,Santa Cruz,38.27
AZ,Coconino,7.21
AZ,Graham,8.00
AZ,Maricopa,414.51
AZ,Coconino,7.21
AZ,Greenlee,4.51
AZ,Navajo,10.81
AZ,Cochise,21.21
AZ,Greenlee,4.51
AZ,Gila,11.16
AZ,Yuma,35.71
AZ,Graham,8.00
AZ,Gila,11.16
AZ,Cochise,21.21
CA,Colusa,18.56
CA,Shasta,46.08
CA,Imperial,39.00
CA,Glenn,21.18
CA,Tuolumne,24.26
CA,Kern,103.12
CA,Siskiyou,7.09
CA,San Mateo,971.65
CA,Madera,70.20
CA,Merced,129.76
CA,Del Norte,23.24
CA,Calaveras,43.86
CA,San Luis Obispo,74.64
CA,Inyo,1.81
CA,San Joaquin,481.94
CA,Lake,48.71
CA,Calaveras,43.86
CA,Mariposa,12.48
CA,Sierra,3.35
CA,Humboldt,33.32
CA,Ventura,373.76
CA,Yolo,196.54
CA,Alameda,"1,842.90"
CA,Kern,103.12
CA,Monterey,110.40
CA,El,101.41
CA,Alpine,1.56
CA,Amador,62.48
CA,Alpine,1.56
CA,Amador,62.48
CA,Santa Cruz,433.52
CA,Glenn,21.18
CA,Sutter,155.82
CA,Santa Clara,"1,370.29"
CA,Santa Barbara,111.99
CA,Butte,131.13
CA,Del,23.24
CA,Lake,48.71
CA,San Francisco,"3,475.05"
CA,Colusa,18.56
CA,Sacramento,"1,429.97"
CA,Lassen,7.38
CA,Riverside,301.58
CA,Yuba,112.41
CA,Kings,109.53
CA,El Dorado,101.41
CA,Fresno,155.15
CA,Stanislaus,340.28
CA,Humboldt,33.32
CA,Kings,109.53
CA,Fresno,155.15
CA,Mendocino,22.63
CA,Alameda,"1,842.90"
CA,Imperial,39.00
CA,Mono,4.55
CA,Contra Costa,"1,309.95"
CA,Inyo,1.81
CA,Sonoma,274.14
CA,Los Angeles,"2,068.40"
CA,Orange,"3,183.63"
CA,Butte,131.13
CA,Solano,456.97
CA,Tulare,91.61
CA,San Diego,685.98
CA,Nevada,101.41
CA,Placer,233.13
CA,Modoc,2.31
CA,San Bernardino,101.55
CA,Plumas,7.62
CA,Contra,"1,309.95"
CA,Marin,305.34
CA,Napa,173.51
CA,Tehama,21.48
CA,San Benito,39.94
CA,Trinity,4.29
CA,Lassen,7.38
CO,Larimer,114.08
CO,Kiowa,0.78
CO,Lake,18.92
CO,Dolores,1.93
CO,Denver,"3,893.51"
CO,La,30.20
CO,Eagle,30.80
CO,Lake,18.92
CO,Douglas,340.42
CO,Kit,3.81
CO,Las Animas,3.23
CO,Summit,45.32
CO,Montezuma,12.52
CO,Gunnison,4.71
CO,Grand,7.91
CO,Lincoln,2.12
CO,Clear,22.97
CO,Jefferson,691.95
CO,Gilpin,36.36
CO,Conejos,6.41
CO,Teller,41.96
CO,Washington,1.90
CO,Garfield,18.97
CO,Hinsdale,0.75
CO,Costilla,2.87
CO,Huerfano,4.19
CO,Jackson,0.85
CO,Fremont,30.57
CO,Morgan,21.75
CO,Kiowa,0.78
CO,Kit Carson,3.81
CO,Montrose,18.36
CO,Jackson,0.85
CO,Cheyenne,1.03
CO,Crowley,7.30
CO,Moffat,2.91
CO,Custer,5.78
CO,La Plata,30.20
CO,Logan,12.35
CO,Elbert,12.48
CO,Chaffee,17.54
CO,El,294.37
CO,Huerfano,4.19
CO,Jefferson,691.95
CO,Delta,26.88
CO,Boulder,399.70
CO,El Paso,294.37
CO,Baca,1.48
CO,Broomfield,"1,677.18"
CO,Costilla,2.87
CO,Routt,9.89
CO,Arapahoe,713.36
CO,Archuleta,8.90
CO,Bent,4.22
CO,San Miguel,5.71
CO,Douglas,340.42
CO,Custer,5.78
CO,Weld,63.28
CO,Chaffee,17.54
CO,San Juan,1.82
CO,Ouray,8.23
CO,Baca,1.48
CO,Crowley,7.30
CO,Alamosa,21.98
CO,Park,7.36
CO,Gilpin,36.36
CO,Cheyenne,1.03
CO,Fremont,30.57
CO,Eagle,30.80
CO,Rio Blanco,2.07
CO,Mineral,0.80
CO,Phillips,6.48
CO,Bent,4.22
CO,Grand,7.91
CO,Saguache,1.93
CO,Otero,14.89
CO,Yuma,4.23
CO,Sedgwick,4.31
CO,Rio Grande,13.18
CO,Garfield,18.97
CO,Boulder,399.70
CO,Larimer,114.08
CO,Las,3.23
CO,Adams,374.90
CO,Denver,"3,893.51"
CO,Conejos,6.41
CO,Mesa,43.84
CO,Alamosa,21.98
CO,Hinsdale,0.75
CO,Delta,26.88
CO,Clear Creek,22.97
CO,Pueblo,66.54
CO,Broomfield,"1,677.18"
CO,Gunnison,4.71
CO,Pitkin,17.62
CO,Lincoln,2.12
CO,Arapahoe,713.36
CO,Elbert,12.48
CO,Archuleta,8.90
CO,Prowers,7.65
CO,Dolores,1.93
CO,Adams,374.90
CT,Hartford,"1,192.62"
CT,Litchfield,200.88
CT,Fairfield,"1,098.67"
CT,New Haven,"1,001.51"
CT,Windham,227.56
CT,Fairfield,"1,098.67"
CT,Hartford,"1,192.62"
CT,Tolland,367.34
CT,New London,355.09
CT,Middlesex,377.22
DC,District of Columbia,"8,856.00"
DC,District,"8,856.00"
DE,Kent,204.12
DE,Kent,204.12
DE,Sussex,165.41
DE,New Castle,"1,090.83"
FL,Osceola,179.15
FL,Putnam,89.76
FL,Hardee,43.50
FL,Escambia,340.81
FL,Walton,44.58
FL,Clay,297.45
FL,Martin,195.17
FL,Jefferson,23.16
FL,Calhoun,25.48
FL,Gilchrist,47.82
FL,Suwannee,61.13
FL,Franklin,11.12
FL,Wakulla,41.94
FL,Pinellas,"1,507.41"
FL,Gadsden,90.47
FL,Bay,163.86
FL,Nassau,101.31
FL,Clay,297.45
FL,DeSoto,54.60
FL,Orange,"1,145.25"
FL,Hendry,32.81
FL,Collier,140.01
FL,Palm Beach,555.70
FL,Hamilton,28.27
FL,Franklin,11.12
FL,Flagler,168.27
FL,Glades,13.11
FL,Lee,511.82
FL,Collier,140.01
FL,Baker,45.96
FL,Miami-Dade,"1,031.88"
FL,Columbia,84.37
FL,Seminole,"1,225.01"
FL,Pasco,536.05
FL,Levy,28.82
FL,Sumter,162.61
FL,Marion,199.40
FL,Liberty,9.90
FL,Citrus,182.71
FL,Monroe,19.59
FL,Taylor,18.32
FL,Polk,300.11
FL,Leon,393.37
FL,Charlotte,186.34
FL,Glades,13.11
FL,Volusia,345.30
FL,Gilchrist,47.82
FL,Gadsden,90.47
FL,Gulf,21.25
FL,St. Lucie,404.55
FL,Columbia,84.37
FL,Highlands,89.24
FL,Hamilton,28.27
FL,Dixie,19.00
FL,Broward,"1,325.59"
FL,Indian,224.06
FL,Hernando,293.62
FL,Okeechobee,44.89
FL,Alachua,255.65
FL,Hendry,32.81
FL,Flagler,168.27
FL,Okaloosa,167.04
FL,Duval,942.71
FL,Sarasota,523.87
FL,Bradford,94.99
FL,Santa Rosa,130.24
FL,Calhoun,25.48
FL,Union,62.21
FL,Washington,40.20
FL,Duval,942.71
FL,Charlotte,186.34
FL,Hardee,43.50
FL,Indian River,224.06
FL,Bay,163.86
FL,Jefferson,23.16
FL,Lake,257.49
FL,Alachua,255.65
FL,Madison,26.90
FL,Jackson,51.98
FL,Manatee,362.37
FL,Baker,45.96
FL,DeSoto,54.60
FL,Hillsborough,975.06
FL,Lake,257.49
FL,Broward,"1,325.59"
FL,Holmes,40.61
FL,Liberty,9.90
FL,Lafayette,16.08
FL,Holmes,40.61
FL,Lee,511.82
FL,Hernando,293.62
FL,Gulf,21.25
FL,Brevard,349.40
FL,St. Johns,232.81
FL,Leon,393.37
FL,Citrus,182.71
FL,Jackson,51.98
FL,Escambia,340.81
FL,Brevard,349.40
FL,Levy,28.82
FL,Hillsborough,975.06
FL,Dixie,19.00
FL,Lafayette,16.08
FL,Bradford,94.99
FL,Highlands,89.24
GA,Thomas,81.02
GA,Forsyth,715.18
GA,Coweta,286.98
GA,Floyd,185.92
GA,Fulton,"1,733.21"
GA,Cook,73.87
GA,Lamar,98.30
GA,Effingham,108.60
GA,Tift,149.73
GA,Emanuel,32.76
GA,Upson,82.63
GA,Franklin,82.81
GA,Elbert,53.71
GA,Montgomery,37.14
GA,Morgan,50.46
GA,Fannin,60.39
GA,Peach,183.56
GA,Crisp,83.31
GA,Dooly,37.35
GA,Echols,9.57
GA,Franklin,82.81
GA,Evans,58.90
GA,Dooly,37.35
GA,Dawson,104.01
GA,Decatur,44.64
GA,Twiggs,24.72
GA,Troup,150.58
GA,Effingham,108.60
GA,Floyd,185.92
GA,DeKalb,"2,554.29"
GA,Forsyth,715.18
GA,Emanuel,32.76
GA,Turner,30.84
GA,Columbia,406.22
GA,Elbert,53.71
GA,Pike,81.67
GA,Dade,95.49
GA,Dougherty,282.54
GA,Treutlen,34.03
GA,Dougherty,282.54
GA,Fayette,536.77
GA,Douglas,659.68
GA,Crawford,38.56
GA,Echols,9.57
GA,Early,21.23
GA,Union,64.81
GA,Toombs,73.63
GA,Pickens,126.59
GA,Pierce,54.78
GA,Towns,61.25
GA,Polk,133.06
GA,Fayette,536.77
GA,Paulding,454.16
GA,Douglas,659.68
GA,Early,21.23
GA,Fannin,60.39
GA,Dodge,43.31
GA,Dodge,43.31
GA,Seminole,34.04
GA,Coffee,70.92
GA,Spalding,321.08
GA,Irwin,26.47
GA,Jackson,177.14
GA,Ben Hill,69.47
GA,Oglethorpe,33.73
GA,Berrien,42.25
GA,Bibb,610.54
GA,Hancock,19.69
GA,Irwin,26.47
GA,Bleckley,59.57
GA,Hall,419.37
GA,Haralson,101.66
GA,Brantley,41.29
GA,Jackson,177.14
GA,Habersham,154.45
GA,Houston,370.40
GA,Gwinnett,"1,850.74"
GA,Brooks,32.70
GA,Jasper,37.18
GA,Henry,628.49
GA,Bryan,66.90
GA,Bulloch,102.58
GA,Heard,39.36
GA,Burke,27.98
GA,Rockdale,646.68
GA,Jasper,37.18
GA,Jeff,44.99
GA,Oconee,176.67
GA,Lamar,98.30
GA,Lanier,50.55
GA,Houston,370.40
GA,Newton,358.74
GA,Screven,22.12
GA,Laurens,59.12
GA,Lee,78.58
GA,Liberty,104.04
GA,Lincoln,31.06
GA,Henry,628.49
GA,Schley,29.92
GA,Heard,39.36
GA,Appling,35.80
GA,Jones,72.47
GA,Hart,98.03
GA,Johnson,32.53
GA,Harris,68.01
GA,Jenkins,23.61
GA,Bacon,38.80
GA,Baker,9.86
GA,Baldwin,170.29
GA,Banks,78.68
GA,Barrow,427.67
GA,Jefferson,31.94
GA,Bartow,212.96
GA,Hart,98.03
GA,Colquitt,82.01
GA,Jeff Davis,44.99
GA,Richmond,611.75
GA,Glynn,136.36
GA,Glascock,21.21
GA,Murray,114.06
GA,Talbot,17.31
GA,Taliaferro,8.74
GA,Jones,72.47
GA,Gilmer,65.68
GA,Grady,54.42
GA,Gordon,154.18
GA,Glynn,136.36
GA,Tattnall,52.20
GA,Quitman,15.60
GA,Glascock,21.21
GA,Putnam,58.80
GA,Clarke,970.65
GA,Gilmer,65.68
GA,Clay,14.55
GA,Pulaski,47.45
GA,Telfair,37.15
GA,Clayton,"1,799.70"
GA,Clinch,8.24
GA,Cobb,"2,001.90"
GA,Terrell,28.21
GA,Fulton,"1,733.21"
GA,Taylor,23.13
GA,Greene,39.37
GA,Cherokee,495.42
GA,Rabun,43.14
GA,Butts,126.24
GA,Harris,68.01
GA,Greene,39.37
GA,Calhoun,23.67
GA,Jefferson,31.94
GA,Stewart,13.18
GA,Haralson,101.66
GA,Camden,64.83
GA,Candler,44.27
GA,Hancock,19.69
GA,Carroll,219.75
GA,Catoosa,394.06
GA,Jenkins,23.61
GA,Hall,419.37
GA,Randolph,17.81
GA,Habersham,154.45
GA,Grady,54.42
GA,Gwinnett,"1,850.74"
GA,Charlton,16.40
GA,Muscogee,864.60
GA,Chatham,420.71
GA,Chattahoochee,44.51
GA,Sumter,66.39
GA,Chattooga,82.86
GA,Johnson,32.53
GA,Stephens,141.99
GA,Gordon,154.18
GA,Atkinson,24.28
GA,Lanier,50.55
GA,Clay,14.55
GA,Clarke,970.65
GA,Washington,30.86
GA,Cherokee,495.42
GA,Chattooga,82.86
GA,Chattahoochee,44.51
GA,Lincoln,31.06
GA,Chatham,420.71
GA,Long,36.35
GA,Catoosa,394.06
GA,Mitchell,45.75
GA,Lowndes,214.86
GA,Lumpkin,106.65
GA,Wayne,46.42
GA,Charlton,16.40
GA,Carroll,219.75
GA,Clayton,"1,799.70"
GA,Liberty,104.04
GA,Crisp,83.31
GA,Lee,78.58
GA,Crawford,38.56
GA,Coweta,286.98
GA,Walker,154.10
GA,Cook,73.87
GA,Clinch,8.24
GA,Walton,254.48
GA,Warren,20.20
GA,Columbia,406.22
GA,Colquitt,82.01
GA,Coffee,70.92
GA,Monroe,66.46
GA,Cobb,"2,001.90"
GA,Ware,40.05
GA,Candler,44.27
GA,Macon,36.10
GA,Camden,64.83
GA,Berrien,42.25
GA,Ben,69.47
GA,Bartow,212.96
GA,Barrow,427.67
GA,Banks,78.68
GA,Worth,37.81
GA,Bibb,610.54
GA,Baldwin,170.29
GA,Bacon,38.80
GA,Atkinson,24.28
GA,Meriwether,43.22
GA,Appling,35.80
GA,McDuffie,81.92
GA,McIntosh,24.93
GA,Baker,9.86
GA,Marion,23.80
GA,Bleckley,59.57
GA,Wilkinson,21.06
GA,Webster,13.20
GA,Calhoun,23.67
GA,Butts,126.24
GA,Madison,98.59
GA,Burke,27.98
GA,Bulloch,102.58
GA,Bryan,66.90
GA,Wheeler,25.85
GA,White,112.45
GA,Miller,21.70
GA,Brooks,32.70
GA,Whitfield,353.09
GA,Brantley,41.29
GA,Wilcox,24.26
GA,Wilkes,22.13
GA,Dade,95.49
GA,Laurens,59.12
GA,Evans,58.90
GA,Dawson,104.01
GA,Decatur,44.64
GA,DeKalb,"2,554.29"
HI,Hawaii,36.44
HI,Kauai,53.08
HI,Hawaii,36.44
HI,Kalawao,1.70
HI,Honolulu,441.48
HI,Honolulu,441.48
HI,Maui,64.62
HI,Kauai,53.08
HI,Kalawao,1.70
IA,Cass,24.65
IA,Cedar,31.81
IA,Hardin,30.76
IA,Ida,16.36
IA,Story,156.19
IA,Appanoose,24.93
IA,Des,93.66
IA,Franklin,18.34
IA,Montgomery,25.16
IA,Monona,13.22
IA,Madison,27.97
IA,Lucas,20.46
IA,Wapello,81.77
IA,Polk,730.72
IA,Hamilton,27.06
IA,Marion,58.28
IA,Sac,17.88
IA,Audubon,13.78
IA,Kossuth,15.93
IA,Hardin,30.76
IA,Guthrie,18.45
IA,Bremer,55.26
IA,Lee,66.55
IA,Floyd,32.55
IA,Fayette,28.52
IA,Dubuque,152.31
IA,Poweshiek,32.25
IA,Bremer,55.26
IA,Johnson,210.65
IA,Iowa,27.78
IA,Mills,34.21
IA,Lyon,19.66
IA,Buchanan,36.55
IA,Buena,35.03
IA,Humboldt,22.50
IA,Wayne,12.14
IA,Dickinson,41.24
IA,Scott,354.01
IA,Clinton,69.15
IA,Dubuque,152.31
IA,Jasper,50.21
IA,Hancock,19.73
IA,Franklin,18.34
IA,Plymouth,28.92
IA,Black,229.03
IA,Davis,17.41
IA,Woodbury,116.58
IA,Clayton,22.82
IA,Winnebago,26.95
IA,Black Hawk,229.03
IA,Decatur,15.77
IA,Lee,66.55
IA,Van Buren,15.41
IA,Delaware,30.70
IA,Henry,46.09
IA,Allamakee,21.77
IA,Pocahontas,12.59
IA,Carroll,36.52
IA,Jackson,30.52
IA,Mahaska,39.06
IA,Howard,20.18
IA,Hancock,19.73
IA,Cerro Gordo,76.68
IA,Clarke,21.54
IA,Benton,36.27
IA,Taylor,11.80
IA,Crawford,23.95
IA,Boone,45.81
IA,Chickasaw,24.55
IA,Davis,17.41
IA,Fremont,14.36
IA,Henry,46.09
IA,Keokuk,18.10
IA,Washington,38.00
IA,Dallas,112.65
IA,Guthrie,18.45
IA,Greene,16.34
IA,Adair,13.49
IA,Adams,9.45
IA,Chickasaw,24.55
IA,O'Brien,25.12
IA,Marshall,70.97
IA,Boone,45.81
IA,Iowa,27.78
IA,Delaware,30.70
IA,Des Moines,93.66
IA,Warren,80.79
IA,Floyd,32.55
IA,Tama,24.54
IA,Emmet,25.54
IA,Grundy,24.80
IA,Adams,9.45
IA,Clay,29.03
IA,Howard,20.18
IA,Hamilton,27.06
IA,Kossuth,15.93
IA,Greene,16.34
IA,Harrison,21.27
IA,Calhoun,17.76
IA,Dallas,112.65
IA,Butler,25.62
IA,Jones,35.85
IA,Jones,35.85
IA,Carroll,36.52
IA,Jefferson,38.49
IA,Webster,52.71
IA,Johnson,210.65
IA,Clarke,21.54
IA,Union,29.37
IA,Sioux,43.84
IA,Worth,18.85
IA,Ida,16.36
IA,Benton,36.27
IA,Adair,13.49
IA,Clinton,69.15
IA,Appanoose,24.93
IA,Osceola,16.15
IA,Palo Alto,16.51
IA,Muscatine,95.20
IA,Dickinson,41.24
IA,Clayton,22.82
IA,Fremont,14.36
IA,Audubon,13.78
IA,Jasper,50.21
IA,Buena Vista,35.03
IA,Allamakee,21.77
IA,Grundy,24.80
IA,Clay,29.03
IA,Ringgold,9.52
IA,Winneshiek,30.52
IA,Pottawattamie,97.36
IA,Page,29.76
IA,Monroe,18.38
IA,Wright,22.65
IA,Fayette,28.52
IA,Shelby,20.58
IA,Crawford,23.95
IA,Cedar,31.81
IA,Buchanan,36.55
IA,Humboldt,22.50
IA,Calhoun,17.76
IA,Louisa,27.24
IA,Cherokee,21.02
IA,Cass,24.65
IA,Decatur,15.77
IA,Mitchell,22.98
IA,Emmet,25.54
IA,Harrison,21.27
IA,Jefferson,38.49
IA,Cherokee,21.02
IA,Butler,25.62
IA,Keokuk,18.10
IA,Jackson,30.52
IA,Cerro,76.68
IA,Linn,292.08
ID,Lemhi,1.74
ID,Canyon,313.71
ID,Lincoln,4.32
ID,Gem,29.49
ID,Madison,79.44
ID,Caribou,3.88
ID,Latah,34.61
ID,Bear Lake,5.69
ID,Lewis,7.96
ID,Jefferson,23.72
ID,Gooding,21.08
ID,Benewah,11.85
ID,Minidoka,26.30
ID,Lincoln,4.32
ID,Gooding,21.08
ID,Adams,2.89
ID,Lewis,7.96
ID,Bannock,72.34
ID,Butte,1.30
ID,Ada,370.98
ID,Bingham,21.57
ID,Kootenai,105.57
ID,Valley,2.62
ID,Cassia,8.95
ID,Fremont,6.98
ID,Boundary,8.62
ID,Elmore,8.74
ID,Jefferson,23.72
ID,Custer,0.88
ID,Butte,1.30
ID,Kootenai,105.57
ID,Payette,55.18
ID,Adams,2.89
ID,Elmore,8.74
ID,Bannock,72.34
ID,Bonneville,55.07
ID,Bonner,21.31
ID,Shoshone,4.83
ID,Camas,1.03
ID,Jerome,37.28
ID,Camas,1.03
ID,Jerome,37.28
ID,Idaho,1.92
ID,Twin Falls,40.20
ID,Ada,370.98
ID,Boise,3.68
ID,Canyon,313.71
ID,Caribou,3.88
ID,Bingham,21.57
ID,Benewah,11.85
ID,Cassia,8.95
ID,Latah,34.61
ID,Blaine,8.01
ID,Boise,3.68
ID,Clark,0.56
ID,Teton,22.54
ID,Fremont,6.98
ID,Bonner,21.31
ID,Power,5.44
ID,Blaine,8.01
ID,Bonneville,55.07
ID,Washington,6.92
ID,Gem,29.49
ID,Bear,5.69
ID,Clearwater,3.47
ID,Boundary,8.62
ID,Custer,0.88
ID,Clearwater,3.47
ID,Lemhi,1.74
ID,Franklin,19.12
ID,Idaho,1.92
ID,Oneida,3.58
ID,Clark,0.56
ID,Franklin,19.12
ID,Owyhee,1.49
ID,Nez Perce,45.92
IL,Henry,61.08
IL,Hardin,23.70
IL,Henderson,18.53
IL,Clark,32.28
IL,Adams,77.08
IL,Jefferson,66.47
IL,Hancock,23.44
IL,Hamilton,19.38
IL,Alexander,32.49
IL,Montgomery,42.41
IL,Union,42.07
IL,Macon,189.05
IL,Massac,63.69
IL,DeKalb,165.63
IL,Coles,105.73
IL,St. Clair,401.18
IL,Cumberland,31.82
IL,Iroquois,26.51
IL,Knox,73.52
IL,Jackson,100.25
IL,Shelby,29.09
IL,Gallatin,17.00
IL,Iroquois,26.51
IL,Crawford,44.43
IL,Jasper,19.49
IL,Cass,35.54
IL,Jefferson,66.47
IL,Pope,11.92
IL,Livingston,37.15
IL,Kendall,357.60
IL,Cook,"3,180.10"
IL,Kankakee,166.52
IL,Kane,984.16
IL,Jersey,60.89
IL,Fulton,42.00
IL,Jo,36.63
IL,Douglas,47.83
IL,Johnson,36.15
IL,Champaign,201.78
IL,Schuyler,17.10
IL,Lake,514.58
IL,Christian,48.60
IL,Stephenson,84.38
IL,Pulaski,30.21
IL,Clay,29.43
IL,Clay,29.43
IL,Mercer,28.88
IL,Lake,514.58
IL,De Witt,40.92
IL,Henderson,18.53
IL,Stark,20.69
IL,Jasper,19.49
IL,Marshall,31.69
IL,Mason,25.99
IL,Henry,61.08
IL,Lee,49.35
IL,Wayne,23.39
IL,Clark,32.28
IL,Franklin,92.77
IL,Clinton,75.15
IL,Lawrence,45.21
IL,Jackson,100.25
IL,Carroll,32.93
IL,LaSalle,99.17
IL,Washington,26.07
IL,Woodford,71.21
IL,Scott,21.11
IL,Clinton,75.15
IL,De,40.92
IL,Boone,191.98
IL,Cook,"3,180.10"
IL,Tazewell,205.87
IL,Whiteside,83.95
IL,Ford,28.95
IL,Rock Island,327.13
IL,Ogle,70.05
IL,Moultrie,43.12
IL,Edwards,30.20
IL,DeKalb,165.63
IL,Douglas,47.83
IL,Hardin,23.70
IL,Brown,22.50
IL,Effingham,71.24
IL,Saline,64.47
IL,Menard,40.24
IL,Marion,68.49
IL,Knox,73.52
IL,Fayette,30.49
IL,Bureau,39.96
IL,McDonough,55.23
IL,Warren,32.62
IL,Cumberland,31.82
IL,Madison,363.70
IL,Williamson,149.51
IL,Grundy,116.39
IL,McLean,143.17
IL,Kane,984.16
IL,Winnebago,568.42
IL,Brown,22.50
IL,DuPage,"2,729.12"
IL,Bond,46.43
IL,Randolph,56.02
IL,Alexander,32.49
IL,Champaign,201.78
IL,Fulton,42.00
IL,Morgan,62.12
IL,Piatt,38.03
IL,White,29.18
IL,Gallatin,17.00
IL,Peoria,295.39
IL,Hancock,23.44
IL,Kendall,357.60
IL,Fayette,30.49
IL,DuPage,"2,729.12"
IL,Hamilton,19.38
IL,McHenry,506.02
IL,Franklin,92.77
IL,Crawford,44.43
IL,Kankakee,166.52
IL,Edgar,29.66
IL,Lee,49.35
IL,Bureau,39.96
IL,Will,799.35
IL,Christian,48.60
IL,Edwards,30.20
IL,Effingham,71.24
IL,Jo Daviess,36.63
IL,Calhoun,17.91
IL,Coles,105.73
IL,Monroe,82.93
IL,Lawrence,45.21
IL,LaSalle,99.17
IL,Greene,25.40
IL,Macoupin,55.07
IL,Richland,44.78
IL,Boone,191.98
IL,Greene,25.40
IL,Pike,19.32
IL,Bond,46.43
IL,Putnam,34.80
IL,Perry,49.96
IL,Sangamon,225.57
IL,Johnson,36.15
IL,Jersey,60.89
IL,Grundy,116.39
IL,Carroll,32.93
IL,Ford,28.95
IL,Cass,35.54
IL,Wabash,52.45
IL,Edgar,29.66
IL,Logan,48.93
IL,Vermilion,90.53
IL,Calhoun,17.91
IL,Adams,77.08
IN,Vermillion,62.11
IN,Fulton,56.08
IN,Dearborn,162.95
IN,Lake,791.62
IN,White,48.52
IN,Johnson,435.92
IN,Fountain,43.37
IN,Crawford,34.70
IN,Franklin,58.96
IN,Huntington,95.68
IN,Carroll,53.76
IN,Porter,315.25
IN,Miami,97.50
IN,Hamilton,686.76
IN,Howard,281.59
IN,Newton,35.34
IN,Morgan,168.91
IN,LaPorte,181.69
IN,Fayette,113.13
IN,LaGrange,96.12
IN,St. Joseph,578.22
IN,LaPorte,181.69
IN,Jennings,75.24
IN,Jasper,59.68
IN,LaGrange,96.12
IN,Parke,38.44
IN,Grant,168.72
IN,Ripley,64.31
IN,Jackson,82.86
IN,Randolph,57.72
IN,Greene,60.81
IN,Fayette,113.13
IN,Delaware,297.22
IN,Wabash,78.04
IN,Knox,73.24
IN,Spencer,52.04
IN,Cass,94.02
IN,Adams,101.29
IN,Crawford,34.70
IN,Shelby,107.38
IN,Elkhart,421.91
IN,Jay,55.13
IN,Orange,48.54
IN,Jefferson,89.35
IN,Posey,61.66
IN,Huntington,95.68
IN,Howard,281.59
IN,Washington,54.76
IN,Cass,94.02
IN,Perry,50.27
IN,Elkhart,421.91
IN,Tippecanoe,343.79
IN,Tipton,60.92
IN,Boone,134.28
IN,Whitley,98.65
IN,Floyd,501.04
IN,Bartholomew,187.65
IN,Vigo,262.83
IN,Montgomery,75.37
IN,Kosciusko,139.51
IN,Kosciusko,139.51
IN,Brown,48.03
IN,Martin,30.48
IN,Lawrence,102.09
IN,Knox,73.24
IN,Carroll,53.76
IN,Benton,21.85
IN,Boone,134.28
IN,Warrick,153.08
IN,Union,45.64
IN,Adams,101.29
IN,Decatur,69.10
IN,Jay,55.13
IN,Dearborn,162.95
IN,Noble,113.72
IN,Delaware,297.22
IN,Starke,74.85
IN,Henry,125.30
IN,Clay,74.57
IN,Clark,293.70
IN,Jasper,59.68
IN,Hendricks,356.79
IN,Putnam,78.58
IN,Hancock,228.59
IN,Benton,21.85
IN,Pike,37.66
IN,Marshall,104.52
IN,Floyd,501.04
IN,Clay,74.57
IN,Steuben,105.86
IN,Warren,23.20
IN,Wells,74.70
IN,Switzerland,47.54
IN,DeKalb,116.13
IN,Pulaski,30.71
IN,Madison,290.71
IN,Gibson,67.17
IN,Grant,168.72
IN,Harrison,80.91
IN,DeKalb,116.13
IN,Fountain,43.37
IN,Jefferson,89.35
IN,Decatur,69.10
IN,Harrison,80.91
IN,Bartholomew,187.65
IN,Marion,"2,244.88"
IN,Allen,539.16
IN,Lake,791.62
IN,Vanderburgh,760.76
IN,Gibson,67.17
IN,Blackford,77.08
IN,Franklin,58.96
IN,Blackford,77.08
IN,Hamilton,686.76
IN,Clark,293.70
IN,Henry,125.30
IN,Brown,48.03
IN,Clinton,81.93
IN,Daviess,72.59
IN,Hancock,228.59
IN,Dubois,96.24
IN,Sullivan,47.17
IN,Fulton,56.08
IN,Allen,539.16
IN,Scott,125.52
IN,Owen,55.66
IN,Hendricks,356.79
IN,Dubois,96.24
IN,Ohio,69.86
IN,Greene,60.81
IN,Clinton,81.93
IN,Monroe,336.77
IN,Johnson,435.92
IN,Jennings,75.24
IN,Wayne,170.55
IN,Jackson,82.86
IN,Lawrence,102.09
IN,Daviess,72.59
IN,Rush,42.52
KS,Osborne,4.29
KS,Reno,50.75
KS,Sherman,5.69
KS,Miami,55.67
KS,Barber,4.27
KS,Gray,6.93
KS,Republic,6.88
KS,Greeley,1.61
KS,Butler,45.57
KS,Cheyenne,2.67
KS,Osage,22.64
KS,Atchison,38.89
KS,Rice,13.89
KS,Norton,6.42
KS,Harvey,64.33
KS,Clark,2.25
KS,Kearny,4.58
KS,Pottawatomie,25.21
KS,Haskell,7.42
KS,Butler,45.57
KS,Anderson,13.87
KS,Dickinson,23.24
KS,Kiowa,3.54
KS,Greenwood,5.80
KS,Marshall,11.16
KS,Decatur,3.30
KS,Rush,4.62
KS,Graham,2.90
KS,Gove,2.50
KS,Scott,6.89
KS,Chase,3.58
KS,Woodson,6.53
KS,Coffey,13.13
KS,Hodgeman,2.22
KS,Bourbon,23.74
KS,Leavenworth,163.24
KS,Sedgwick,494.77
KS,Lane,2.42
KS,Doniphan,19.98
KS,Cloud,13.27
KS,Geary,87.18
KS,Brown,17.45
KS,Marion,13.28
KS,Hamilton,2.70
KS,Rooks,5.78
KS,Russell,7.76
KS,Pratt,13.11
KS,Barton,30.74
KS,Chautauqua,5.65
KS,Harper,7.51
KS,Bourbon,23.74
KS,Riley,115.14
KS,Barber,4.27
KS,Kingman,9.05
KS,Grant,13.64
KS,Lincoln,4.49
KS,Mitchell,8.84
KS,Comanche,2.39
KS,Barton,30.74
KS,Sheridan,2.85
KS,Cherokee,36.48
KS,Shawnee,320.76
KS,Brown,17.45
KS,Lyon,39.32
KS,Wilson,16.34
KS,Montgomery,54.29
KS,Wichita,3.11
KS,Seward,35.89
KS,Labette,32.99
KS,Clay,13.04
KS,Ottawa,8.45
KS,Saline,77.30
KS,Allen,26.44
KS,Logan,2.58
KS,Rawlins,2.34
KS,Graham,2.90
KS,Gove,2.50
KS,Atchison,38.89
KS,Douglas,234.49
KS,Comanche,2.39
KS,Finney,28.36
KS,Geary,87.18
KS,Morton,4.42
KS,Washington,6.44
KS,Kearny,4.58
KS,Harvey,64.33
KS,Wallace,1.62
KS,Allen,26.44
KS,Morris,8.41
KS,Thomas,7.39
KS,Phillips,6.30
KS,Franklin,45.06
KS,Crawford,65.88
KS,Kingman,9.05
KS,Kiowa,3.54
KS,Ford,30.99
KS,Cheyenne,2.67
KS,Jackson,20.50
KS,Neosho,28.53
KS,Edwards,4.90
KS,Finney,28.36
KS,Cowley,32.06
KS,Doniphan,19.98
KS,Grant,13.64
KS,Gray,6.93
KS,Clay,13.04
KS,Decatur,3.30
KS,Stanton,3.32
KS,Harper,7.51
KS,Lincoln,4.49
KS,Stevens,7.90
KS,Jefferson,34.35
KS,Stafford,5.56
KS,Pawnee,9.26
KS,Hamilton,2.70
KS,Nemaha,14.13
KS,Ford,30.99
KS,Clark,2.25
KS,Jewell,3.35
KS,Cloud,13.27
KS,Sumner,20.35
KS,Hodgeman,2.22
KS,Franklin,45.06
KS,Greenwood,5.80
KS,Johnson,"1,137.05"
KS,Jackson,20.50
KS,Chase,3.58
KS,Coffey,13.13
KS,Wyandotte,"1,010.05"
KS,Dickinson,23.24
KS,Anderson,13.87
KS,Greeley,1.61
KS,Crawford,65.88
KS,Wabaunsee,8.81
KS,Haskell,7.42
KS,Meade,4.70
KS,Chautauqua,5.65
KS,Trego,3.32
KS,Linn,15.89
KS,Lane,2.42
KS,Jewell,3.35
KS,Jefferson,34.35
KS,Edwards,4.90
KS,Ellis,31.60
KS,Elk,4.41
KS,Labette,32.99
KS,Ellis,31.60
KS,Leavenworth,163.24
KS,Ellsworth,9.00
KS,Cowley,32.06
KS,Smith,4.30
KS,Ellsworth,9.00
KS,McPherson,32.36
KS,Douglas,234.49
KS,Elk,4.41
KS,Cherokee,36.48
KS,Ness,2.89
KS,Johnson,"1,137.05"
KY,Hardin,169.80
KY,Laurel,133.01
KY,Christian,102.50
KY,Bell,79.49
KY,Anderson,105.05
KY,Greenup,104.13
KY,Elliott,33.50
KY,Carlisle,25.63
KY,Wolfe,32.99
KY,Johnson,88.53
KY,Carter,67.34
KY,Monroe,33.06
KY,Lincoln,73.61
KY,Clay,46.04
KY,Caldwell,37.30
KY,Graves,66.82
KY,Caldwell,37.30
KY,Hart,43.60
KY,Boone,465.19
KY,Green,38.88
KY,Pike,82.72
KY,Daviess,202.95
KY,Hart,43.60
KY,Grayson,50.47
KY,Harrison,60.73
KY,Casey,35.82
KY,Adair,45.76
KY,Perry,83.78
KY,Harrison,60.73
KY,Anderson,105.05
KY,Larue,53.86
KY,Estill,57.50
KY,Clark,139.55
KY,Henry,52.92
KY,Owen,30.61
KY,Adair,45.76
KY,Jefferson,"1,866.38"
KY,McCracken,244.49
KY,Campbell,569.10
KY,Hancock,43.02
KY,McCreary,42.40
KY,Grayson,50.47
KY,Henderson,99.23
KY,Harlan,62.45
KY,Pulaski,93.30
KY,Green,38.88
KY,Clinton,50.02
KY,Graves,66.82
KY,Allen,56.95
KY,Calloway,91.13
KY,Carroll,78.70
KY,Edmonson,39.58
KY,Campbell,569.10
KY,Jessamine,278.96
KY,Webster,40.52
KY,Calloway,91.13
KY,Hickman,19.30
KY,Lyon,32.43
KY,Butler,29.47
KY,Grant,94.65
KY,Warren,208.62
KY,Boone,465.19
KY,Oldham,307.52
KY,Morgan,35.83
KY,Bourbon,68.47
KY,Franklin,232.63
KY,Cumberland,22.05
KY,Elliott,33.50
KY,Montgomery,133.43
KY,Boyd,306.64
KY,Boyle,156.64
KY,Bracken,40.65
KY,Meade,88.45
KY,Lee,36.51
KY,Fayette,"1,039.02"
KY,Breathitt,27.98
KY,Breckinridge,34.24
KY,Edmonson,39.58
KY,Bracken,40.65
KY,Crittenden,25.08
KY,Boyle,156.64
KY,Robertson,22.72
KY,Whitley,80.16
KY,Fleming,40.97
KY,Kenton,973.69
KY,Breathitt,27.98
KY,Breckinridge,34.24
KY,Knott,46.37
KY,Floyd,100.95
KY,McLean,37.14
KY,Rockcastle,53.65
KY,Todd,32.96
KY,Boyd,306.64
KY,Fulton,29.59
KY,Grant,94.65
KY,Marion,57.12
KY,Menifee,30.86
KY,Fleming,40.97
KY,Bullitt,248.10
KY,Greenup,104.13
KY,Bath,40.93
KY,Estill,57.50
KY,Hardin,169.80
KY,Allen,56.95
KY,Butler,29.47
KY,Harlan,62.45
KY,Lawrence,37.80
KY,Madison,189.21
KY,Ballard,30.18
KY,Muhlenberg,66.00
KY,Barren,84.36
KY,Lewis,27.97
KY,Letcher,72.47
KY,Bell,79.49
KY,Fayette,"1,039.02"
KY,Gallatin,82.20
KY,Rowan,81.52
KY,Bullitt,248.10
KY,Bourbon,68.47
KY,Hancock,43.02
KY,Leslie,27.91
KY,Magoffin,43.06
KY,Trigg,29.80
KY,Ohio,39.99
KY,Taylor,89.60
KY,Trimble,56.36
KY,Russell,62.06
KY,Knox,82.18
KY,Pendleton,52.93
KY,Garrard,72.38
KY,Floyd,100.95
KY,Livingston,27.86
KY,Carter,67.34
KY,Hopkins,84.58
KY,Washington,38.94
KY,Larue,53.86
KY,Owsley,24.09
KY,Ballard,30.18
KY,Clinton,50.02
KY,Carroll,78.70
KY,Laurel,133.01
KY,Fulton,29.59
KY,Hopkins,84.58
KY,Lawrence,37.80
KY,Jackson,38.93
KY,Franklin,232.63
KY,Carlisle,25.63
KY,Lee,36.51
KY,Jessamine,278.96
KY,Logan,48.21
KY,Simpson,73.32
KY,Woodford,130.21
KY,Jefferson,"1,866.38"
KY,Powell,70.31
KY,Metcalfe,34.75
KY,Crittenden,25.08
KY,Gallatin,82.20
KY,Knox,82.18
KY,Knott,46.37
KY,Union,42.09
KY,Barren,84.36
KY,Cumberland,22.05
KY,Jackson,38.93
KY,Martin,55.90
KY,Shelby,109.59
KY,Mason,71.05
KY,Casey,35.82
KY,Christian,102.50
KY,Bath,40.93
KY,Kenton,973.69
KY,Garrard,72.38
KY,Nicholas,36.21
KY,Spencer,89.29
KY,Clark,139.55
KY,Henry,52.92
KY,Letcher,72.47
KY,Scott,166.25
KY,Hickman,19.30
KY,Nelson,102.82
KY,Wayne,43.04
KY,Henderson,99.23
KY,Marshall,92.48
KY,Clay,46.04
KY,Mercer,84.24
KY,Leslie,27.91
KY,Lewis,27.97
KY,Lincoln,73.61
KY,Johnson,88.53
KY,Daviess,202.95
LA,St. Helena Parish,27.28
LA,Tangipahoa Parish,144.03
LA,St. James Parish,85.45
LA,West Feliciana Parish,36.68
LA,Acadia Parish,94.09
LA,Red River Parish,22.53
LA,Beauregard Parish,30.73
LA,Evangeline,49.98
LA,St. John the Baptist Parish,111.39
LA,East,44.27
LA,Assumption,64.08
LA,Bossier,135.57
LA,Allen,33.61
LA,West Carroll Parish,32.13
LA,West Baton Rouge Parish,117.50
LA,Pointe Coupee Parish,38.54
LA,Avoyelles Parish,48.64
LA,Grant,33.61
LA,Claiborne,22.35
LA,Natchitoches Parish,30.42
LA,Richland Parish,36.77
LA,Sabine Parish,23.96
LA,Livingston Parish,186.11
LA,East,17.48
LA,Morehouse Parish,34.60
LA,De Soto Parish,29.88
LA,Catahoula,14.04
LA,St. Bernard Parish,17.07
LA,Bossier Parish,135.57
LA,De,29.88
LA,Franklin,32.79
LA,La,22.51
LA,East Feliciana Parish,44.27
LA,East Carroll Parish,17.48
LA,East Baton Rouge Parish,937.52
LA,St. Charles Parish,133.20
LA,Lafourche Parish,65.83
LA,Plaquemines Parish,9.01
LA,Union Parish,25.22
LA,Terrebonne Parish,53.56
LA,Tensas Parish,8.16
LA,Winn Parish,15.97
LA,Concordia Parish,27.88
LA,Avoyelles,48.64
LA,Jackson,28.08
LA,East,937.52
LA,Catahoula Parish,14.04
LA,Bienville,17.44
LA,Iberia,71.10
LA,Franklin Parish,32.79
LA,Madison Parish,18.60
LA,Lincoln Parish,99.20
LA,Lafourche,65.83
LA,Bienville Parish,17.44
LA,Lafayette,825.20
LA,Iberville,51.15
LA,Concordia,27.88
LA,Jackson Parish,28.08
LA,Evangeline Parish,49.98
LA,Caldwell Parish,18.74
LA,Jefferson Parish,674.05
LA,La Salle Parish,22.51
LA,Jefferson,48.04
LA,Iberville Parish,51.15
LA,Caldwell,18.74
LA,Iberia Parish,71.10
LA,Ascension,356.23
LA,Cameron Parish,3.56
LA,St. Landry Parish,88.93
LA,Ouachita Parish,243.69
LA,Beauregard,30.73
LA,Jefferson Davis Parish,48.04
LA,Claiborne Parish,22.35
LA,Grant Parish,33.61
LA,Jefferson,674.05
LA,Cameron,3.56
LA,Vernon Parish,39.32
LA,Caddo Parish,272.91
LA,St. Martin Parish,64.02
LA,Rapides Parish,96.78
LA,Washington Parish,69.71
LA,St. Mary Parish,48.74
LA,Orleans Parish,994.68
LA,Caddo,272.91
LA,Assumption Parish,64.08
LA,St. Tammany Parish,214.11
LA,Acadia,94.09
LA,Lafayette Parish,825.20
LA,Allen Parish,33.61
LA,Webster Parish,67.04
LA,Vermilion Parish,37.67
LA,Ascension Parish,356.23
LA,Calcasieu Parish,176.53
LA,Calcasieu,176.53
MA,Plymouth,453.56
MA,Hampshire,292.12
MA,Norfolk,"1,513.78"
MA,Berkshire,138.74
MA,Hampshire,292.12
MA,Worcester,506.70
MA,Barnstable,165.37
MA,Essex,899.82
MA,Bristol,794.35
MA,Berkshire,138.74
MA,Hampden,731.82
MA,Dukes,33.72
MA,Dukes,33.72
MA,Essex,899.82
MA,Franklin,98.43
MA,Suffolk,"6,033.26"
MA,Barnstable,165.37
MA,Nantucket,33.44
MA,Franklin,98.43
MA,Hampden,731.82
MA,Bristol,794.35
MA,Middlesex,"1,778.92"
MD,Calvert,257.74
MD,Frederick,350.86
MD,Charles,228.83
MD,Caroline,101.46
MD,Calvert,257.74
MD,Caroline,101.46
MD,Cecil,242.10
MD,Kent,48.89
MD,Wicomico,247.12
MD,Garrett,45.88
MD,Washington,316.15
MD,Worcester,74.08
MD,Carroll,369.39
MD,Garrett,45.88
MD,Montgomery,"1,925.28"
MD,Howard,"1,138.96"
MD,Talbot,79.41
MD,Cecil,242.10
MD,Baltimore city,"6,749.70"
MD,Baltimore,"1,182.58"
MD,Queen Anne's,93.74
MD,Anne,917.28
MD,Harford,465.60
MD,Somerset,43.39
MD,Harford,465.60
MD,Dorchester,33.25
MD,Dorchester,33.25
MD,St. Mary's,138.36
MD,Allegany,174.42
MD,Frederick,350.86
MD,Allegany,174.42
MD,Kent,48.89
MD,Anne Arundel,917.28
MD,Howard,"1,138.96"
MD,Charles,228.83
MD,Prince George's,"1,735.85"
MD,Baltimore,"6,749.70"
MD,Carroll,369.39
MD,Baltimore,"1,182.58"
ME,Hancock,23.18
ME,Penobscot,43.25
ME,Franklin,17.61
ME,Kennebec,128.32
ME,Oxford,26.56
ME,Aroostook,10.50
ME,Knox,34.71
ME,Lincoln,49.14
ME,Waldo,45.50
ME,Cumberland,231.13
ME,York,155.31
ME,Androscoggin,216.57
ME,Somerset,12.76
ME,Kennebec,128.32
ME,Washington,10.07
ME,Franklin,17.61
ME,Hancock,23.18
ME,Lincoln,49.14
ME,Knox,34.71
ME,Cumberland,231.13
ME,Piscataquis,4.01
ME,Sagadahoc,95.18
ME,Androscoggin,216.57
ME,Aroostook,10.50
MI,Cass,102.69
MI,Midland,158.43
MI,Iron,9.75
MI,Montcalm,87.76
MI,Crawford,24.93
MI,Eaton,185.97
MI,Branch,86.91
MI,Emmet,37.03
MI,Livingston,309.16
MI,Iosco,13.66
MI,Emmet,37.03
MI,Mecosta,74.97
MI,Oscoda,15.07
MI,Osceola,41.03
MI,Shiawassee,130.58
MI,Cheboygan,29.46
MI,Kalkaska,30.01
MI,Baraga,8.27
MI,Isabella,121.72
MI,Jackson,221.35
MI,Grand Traverse,144.61
MI,Ionia,110.07
MI,Branch,86.91
MI,Gratiot,74.19
MI,Montmorency,17.37
MI,Newaygo,56.16
MI,Kalamazoo,432.15
MI,Keweenaw,0.36
MI,Van Buren,69.86
MI,Calhoun,189.32
MI,Charlevoix,18.63
MI,Ontonagon,1.80
MI,Kent,691.34
MI,Dickinson,33.66
MI,Tuscola,60.93
MI,Huron,15.48
MI,Wayne,"2,698.91"
MI,Otsego,45.90
MI,Crawford,24.93
MI,Chippewa,14.30
MI,Marquette,19.59
MI,Clinton,131.21
MI,St. Joseph,117.57
MI,Benzie,20.36
MI,Missaukee,25.82
MI,Gratiot,74.19
MI,Gladwin,49.86
MI,Lake,20.02
MI,Alpena,17.43
MI,Dickinson,33.66
MI,Lapeer,133.00
MI,Manistee,19.17
MI,Grand,144.61
MI,Oakland,"1,325.66"
MI,Barry,102.38
MI,Berrien,99.15
MI,Gogebic,11.10
MI,Ottawa,161.86
MI,Kalamazoo,432.15
MI,Luce,3.45
MI,Houghton,24.45
MI,Mason,23.12
MI,Clare,53.87
MI,Arenac,23.31
MI,Houghton,24.45
MI,Delta,18.61
MI,Hillsdale,76.77
MI,Schoolcraft,4.50
MI,Antrim,39.09
MI,Lenawee,130.87
MI,Leelanau,8.58
MI,Mackinac,5.28
MI,Macomb,"1,473.41"
MI,Delta,18.61
MI,Alcona,6.08
MI,Clare,53.87
MI,Alger,1.89
MI,Allegan,60.82
MI,Muskegon,117.75
MI,Genesee,654.22
MI,Clinton,131.21
MI,Alpena,17.43
MI,Menominee,17.91
MI,Hillsdale,76.77
MI,Calhoun,189.32
MI,Jackson,221.35
MI,Sanilac,27.08
MI,Antrim,39.09
MI,Bay,170.75
MI,Bay,170.75
MI,Baraga,8.27
MI,Kalkaska,30.01
MI,Benzie,20.36
MI,Lenawee,130.87
MI,Berrien,99.15
MI,Ingham,501.17
MI,Cass,102.69
MI,Oceana,20.31
MI,Leelanau,8.58
MI,Iosco,13.66
MI,Charlevoix,18.63
MI,St. Clair,194.47
MI,Kent,691.34
MI,Iron,9.75
MI,Lapeer,133.00
MI,Roscommon,42.14
MI,Chippewa,14.30
MI,Isabella,121.72
MI,Eaton,185.97
MI,Washtenaw,478.29
MI,Keweenaw,0.36
MI,Barry,102.38
MI,Alcona,6.08
MI,Genesee,654.22
MI,Alger,1.89
MI,Ionia,110.07
MI,Huron,15.48
MI,Saginaw,244.96
MI,Gogebic,11.10
MI,Presque Isle,5.17
MI,Wexford,56.92
MI,Ogemaw,37.64
MI,Cheboygan,29.46
MI,Monroe,223.39
MI,Arenac,23.31
MI,Gladwin,49.86
MI,Allegan,60.82
MI,Ingham,501.17
MI,Lake,20.02
MN,Pipestone,20.56
MN,Faribault,20.09
MN,Wright,175.15
MN,Martin,28.54
MN,Anoka,743.01
MN,Douglas,50.01
MN,Polk,15.85
MN,Cass,11.86
MN,Chisago,121.92
MN,Blue,83.69
MN,Becker,22.51
MN,Beltrami,14.59
MN,Winona,80.10
MN,Carlton,40.46
MN,Crow Wing,54.14
MN,Clay,56.19
MN,Freeborn,43.20
MN,Goodhue,59.18
MN,Yellow Medicine,13.67
MN,Fillmore,24.17
MN,Grant,10.42
MN,Dodge,45.83
MN,Otter Tail,25.74
MN,Pine,20.72
MN,Cottonwood,18.04
MN,Ramsey,"2,994.93"
MN,Pennington,22.56
MN,Cook,1.55
MN,Marshall,5.20
MN,Benton,93.10
MN,Chippewa,21.18
MN,McLeod,72.42
MN,Dakota,680.13
MN,Carver,242.95
MN,Pope,15.30
MN,Aitkin,8.13
MN,Meeker,36.15
MN,Clearwater,8.46
MN,Big,9.96
MN,Lincoln,10.72
MN,Lake,3.63
MN,Waseca,44.20
MN,Kittson,4.11
MN,Morrison,28.81
MN,Hubbard,20.43
MN,Sherburne,196.85
MN,Cottonwood,18.04
MN,Clay,56.19
MN,Lake of the Woods,2.28
MN,Steele,84.44
MN,Stearns,108.44
MN,Freeborn,43.20
MN,Sibley,25.36
MN,Kanabec,30.42
MN,Becker,22.51
MN,Beltrami,14.59
MN,Hennepin,"1,902.88"
MN,Benton,93.10
MN,Todd,25.40
MN,Lincoln,10.72
MN,Big Stone,9.96
MN,Fillmore,24.17
MN,Mahnomen,9.31
MN,Wadena,25.47
MN,Brown,41.85
MN,Roseau,9.27
MN,Dodge,45.83
MN,Kittson,4.11
MN,Stevens,16.88
MN,Anoka,743.01
MN,Carlton,40.46
MN,Le,58.44
MN,Scott,354.23
MN,Murray,12.07
MN,Nicollet,70.12
MN,Swift,12.96
MN,Watonwan,25.50
MN,Grant,10.42
MN,Mower,55.12
MN,Nobles,29.61
MN,Clearwater,8.46
MN,Lake,2.28
MN,Carver,242.95
MN,Lyon,35.83
MN,Aitkin,8.13
MN,Hennepin,"1,902.88"
MN,Houston,33.40
MN,Goodhue,59.18
MN,Lake,3.63
MN,Norman,7.81
MN,Cass,11.86
MN,Kanabec,30.42
MN,Kandiyohi,48.99
MN,Cook,1.55
MN,Lac,9.30
MN,Koochiching,4.22
MN,Blue Earth,83.69
MN,Kandiyohi,48.99
MN,Itasca,15.38
MN,Renville,15.88
MN,Hubbard,20.43
MN,Brown,41.85
MN,Washington,565.03
MN,Wilkin,8.75
MN,Jackson,14.28
MN,Chisago,121.92
MN,Itasca,15.38
MN,Le Sueur,58.44
MN,Koochiching,4.22
MN,Chippewa,21.18
MN,Rice,124.62
MN,Isanti,83.86
MN,Houston,33.40
MN,Crow,54.14
MN,Dakota,680.13
MN,Lac qui Parle,9.30
MN,St. Louis,29.19
MN,Jackson,14.28
MN,Rock,20.01
MN,Isanti,83.86
MN,Redwood,18.18
MN,Mille Lacs,38.27
MN,Douglas,50.01
MN,Faribault,20.09
MN,Red Lake,9.42
MN,Wabasha,39.41
MN,Olmsted,220.66
MN,Traverse,6.04
MO,Iron,19.20
MO,Atchison,10.29
MO,Cole,190.79
MO,Andrew,39.75
MO,Dent,20.83
MO,St. Charles,610.30
MO,Audrain,36.54
MO,Lafayette,52.29
MO,Cass,141.92
MO,Wright,27.61
MO,Barton,20.75
MO,Polk,48.52
MO,St. Louis city,"4,831.90"
MO,Scott,92.19
MO,Howard,21.48
MO,Gasconade,28.94
MO,Clinton,49.00
MO,Carroll,13.22
MO,Clinton,49.00
MO,Grundy,23.42
MO,Sullivan,10.31
MO,Newton,92.80
MO,Bates,20.02
MO,Lawrence,62.89
MO,St. Clair,14.01
MO,Howell,43.74
MO,Carter,12.36
MO,St. Francois,144.11
MO,McDonald,42.74
MO,Mississippi,33.43
MO,Dade,15.53
MO,Holt,10.42
MO,Jefferson,329.80
MO,Jefferson,329.80
MO,Laclede,46.42
MO,DeKalb,30.24
MO,Ste. Genevieve,35.76
MO,Greene,406.23
MO,Washington,33.00
MO,Jasper,183.66
MO,Mercer,8.29
MO,Ray,40.91
MO,Johnson,63.25
MO,Livingston,28.06
MO,Jasper,183.66
MO,Hickory,23.40
MO,Douglas,16.75
MO,Henry,30.37
MO,Platte,210.23
MO,Iron,19.20
MO,Linn,20.52
MO,Daviess,14.85
MO,Clark,13.94
MO,Worth,8.07
MO,Cooper,30.90
MO,Dallas,30.82
MO,Crawford,33.09
MO,Jackson,"1,095.21"
MO,Stone,62.73
MO,Barry,45.23
MO,Stoddard,36.20
MO,Shannon,8.41
MO,St. Louis,"1,909.98"
MO,Ozark,12.89
MO,DeKalb,30.24
MO,Lincoln,82.30
MO,Knox,8.14
MO,Holt,10.42
MO,Clay,544.93
MO,Howard,21.48
MO,Moniteau,37.29
MO,Howell,43.74
MO,Shelby,12.68
MO,Jackson,"1,095.21"
MO,Cedar,28.05
MO,Harrison,12.32
MO,New Madrid,27.18
MO,Chariton,10.24
MO,Cole,190.79
MO,Franklin,109.10
MO,Texas,22.07
MO,Barry,45.23
MO,Johnson,63.25
MO,Madison,24.52
MO,Oregon,13.80
MO,Butler,61.24
MO,Audrain,36.54
MO,Butler,61.24
MO,Monroe,13.12
MO,Harrison,12.32
MO,Barton,20.75
MO,Atchison,10.29
MO,Putnam,9.56
MO,Greene,406.23
MO,Caldwell,21.99
MO,Adair,44.99
MO,Boone,236.14
MO,Dunklin,58.39
MO,Gasconade,28.94
MO,Gentry,13.69
MO,Dallas,30.82
MO,Dade,15.53
MO,Morgan,33.49
MO,Maries,17.32
MO,Saline,30.52
MO,Lawrence,62.89
MO,Cedar,28.05
MO,Boone,236.14
MO,Bollinger,19.87
MO,Chariton,10.24
MO,Phelps,67.20
MO,Daviess,14.85
MO,Ripley,22.33
MO,Marion,64.80
MO,Knox,8.14
MO,Benton,25.41
MO,Miller,41.21
MO,Buchanan,214.86
MO,Ralls,21.03
MO,Crawford,33.09
MO,Grundy,23.42
MO,Franklin,109.10
MO,Randolph,52.16
MO,Buchanan,214.86
MO,Cass,141.92
MO,Bates,20.02
MO,Pettis,61.56
MO,Carter,12.36
MO,Cooper,30.90
MO,Andrew,39.75
MO,Nodaway,26.63
MO,Lewis,19.97
MO,Benton,25.41
MO,Pemiscot,35.55
MO,Hickory,23.40
MO,Carroll,13.22
MO,Warren,74.41
MO,Lincoln,82.30
MO,Gentry,13.69
MO,Lafayette,52.29
MO,Christian,138.14
MO,Camden,62.14
MO,Osage,22.62
MO,Lewis,19.97
MO,Cape,129.40
MO,Clay,544.93
MO,Pike,27.00
MO,Bollinger,19.87
MO,Wayne,17.46
MO,Callaway,52.32
MO,Schuyler,14.40
MO,Pulaski,95.87
MO,Christian,138.14
MO,Webster,61.10
MO,Caldwell,21.99
MO,Dunklin,58.39
MO,Montgomery,22.64
MO,Douglas,16.75
MO,Callaway,52.32
MO,Cape Girardeau,129.40
MO,Perry,39.18
MO,Vernon,25.27
MO,Dent,20.83
MO,Reynolds,8.21
MO,Laclede,46.42
MO,Camden,62.14
MO,Taney,79.71
MO,Clark,13.94
MO,Henry,30.37
MO,Adair,44.99
MO,Macon,19.21
MO,Scotland,10.99
MS,Montgomery,26.74
MS,Lafayette,69.98
MS,Perry,18.77
MS,Claiborne,19.09
MS,Jackson,133.71
MS,Holmes,25.36
MS,Tunica,22.38
MS,Lincoln,59.32
MS,Lawrence,29.59
MS,Pike,98.47
MS,Leake,40.61
MS,Forrest,159.57
MS,Tate,70.54
MS,Hancock,79.76
MS,Jefferson,14.63
MS,Jefferson Davis,30.44
MS,Tallahatchie,23.53
MS,Jones,97.01
MS,Stone,39.94
MS,DeSoto,325.55
MS,Coahoma,44.78
MS,Grenada,48.67
MS,Yazoo,30.07
MS,Sunflower,41.06
MS,Pearl River,68.05
MS,Greene,20.04
MS,Warren,78.91
MS,Amite,17.92
MS,Hinds,280.14
MS,Walthall,38.08
MS,Copiah,37.74
MS,Adams,66.86
MS,Tishomingo,44.08
MS,Tippah,48.24
MS,Forrest,159.57
MS,Clarke,24.09
MS,Franklin,14.32
MS,Lee,183.00
MS,George,46.84
MS,Jasper,25.07
MS,Covington,47.20
MS,Harrison,190.84
MS,Yalobusha,25.55
MS,Monroe,47.78
MS,Leflore,53.32
MS,Kemper,13.66
MS,Clay,49.41
MS,Alcorn,92.46
MS,Jones,97.01
MS,Lauderdale,112.38
MS,George,46.84
MS,Marshall,52.24
MS,Holmes,25.36
MS,Lawrence,29.59
MS,Scott,46.39
MS,Lauderdale,112.38
MS,Madison,128.87
MS,Carroll,16.70
MS,Coahoma,44.78
MS,Newton,37.40
MS,Lamar,112.09
MS,Benton,21.29
MS,Prentiss,60.30
MS,Hancock,79.76
MS,Lafayette,69.98
MS,Lowndes,115.83
MS,Claiborne,19.09
MS,Lamar,112.09
MS,Sharkey,11.21
MS,Bolivar,37.67
MS,Leake,40.61
MS,Oktibbeha,103.24
MS,Lee,183.00
MS,Hinds,280.14
MS,Amite,17.92
MS,Calhoun,25.44
MS,Choctaw,20.38
MS,Alcorn,92.46
MS,Benton,21.29
MS,Adams,66.86
MS,Webster,24.30
MS,Wayne,25.53
MS,Clarke,24.09
MS,Noxubee,16.44
MS,Franklin,14.32
MS,Harrison,190.84
MS,Chickasaw,34.50
MS,Lincoln,59.32
MS,Winston,31.47
MS,Attala,26.55
MS,Clay,49.41
MS,Marion,49.31
MS,Quitman,20.11
MS,Leflore,53.32
MS,Humphreys,21.65
MS,Union,65.13
MS,Kemper,13.66
MS,Chickasaw,34.50
MS,Rankin,176.82
MS,Issaquena,3.17
MS,Smith,25.84
MS,Panola,49.17
MS,Covington,47.20
MS,Attala,26.55
MS,Grenada,48.67
MS,Greene,20.04
MS,Jasper,25.07
MS,Washington,67.12
MS,Neshoba,51.90
MS,Jackson,133.71
MS,Pontotoc,59.92
MS,Jefferson,14.63
MS,Simpson,46.58
MS,Jefferson,30.44
MS,Issaquena,3.17
MS,Humphreys,21.65
MS,Bolivar,37.67
MS,Wilkinson,14.32
MS,Carroll,16.70
MS,Calhoun,25.44
MS,Itawamba,43.29
MS,DeSoto,325.55
MS,Copiah,37.74
MS,Choctaw,20.38
MS,Itawamba,43.29
MT,Gallatin,34.02
MT,Fergus,2.66
MT,Daniels,1.22
MT,Fallon,1.78
MT,Teton,2.65
MT,Meagher,0.79
MT,Carter,0.34
MT,Mineral,3.44
MT,Chouteau,1.45
MT,Garfield,0.24
MT,Ravalli,16.80
MT,Sanders,4.08
MT,Phillips,0.82
MT,Richland,4.63
MT,Treasure,0.73
MT,Blaine,1.53
MT,Rosebud,1.84
MT,Fergus,2.66
MT,Fallon,1.78
MT,Blaine,1.53
MT,Toole,2.75
MT,Flathead,17.29
MT,Broadwater,4.55
MT,Big Horn,2.58
MT,Deer,12.54
MT,Broadwater,4.55
MT,Granite,1.77
MT,Wibaux,1.13
MT,Big,2.58
MT,Wheatland,1.51
MT,Beaverhead,1.66
MT,Petroleum,0.29
MT,Madison,2.13
MT,Custer,3.08
MT,Golden Valley,0.75
MT,Cascade,30.06
MT,Roosevelt,4.41
MT,Glacier,4.43
MT,Glacier,4.43
MT,Custer,3.08
MT,Carbon,4.88
MT,McCone,0.65
MT,Liberty,1.63
MT,Carter,0.34
MT,Cascade,30.06
MT,Musselshell,2.43
MT,Jefferson,6.88
MT,Lake,17.40
MT,Prairie,0.68
MT,Missoula,41.80
MT,Pondera,3.76
MT,Stillwater,5.05
MT,Powell,3.01
MT,Gallatin,34.02
MT,Powder River,0.52
MT,Valley,1.46
MT,Sheridan,1.98
MT,Deer Lodge,12.54
MT,Jefferson,6.88
MT,Dawson,3.75
MT,Judith,1.10
MT,Garfield,0.24
MT,Lewis,18.18
MT,Hill,5.54
MT,Daniels,1.22
MT,Flathead,17.29
MT,Golden,0.75
MT,Lincoln,5.36
MT,Lake,17.40
MT,Lewis and Clark,18.18
MT,Judith Basin,1.10
MT,Beaverhead,1.66
MT,Chouteau,1.45
MT,Granite,1.77
MT,Yellowstone,56.02
MT,Dawson,3.75
MT,Lincoln,5.36
MT,Carbon,4.88
MT,Liberty,1.63
MT,Hill,5.54
MT,Sweet Grass,1.94
MT,Silver Bow,47.65
MT,Park,5.54
NC,Greene,80.27
NC,Granville,107.46
NC,Pasquotank,140.66
NC,Martin,52.99
NC,Franklin,123.00
NC,Lincoln,255.37
NC,Iredell,267.54
NC,Onslow,198.21
NC,Jackson,81.59
NC,Guilford,744.31
NC,Montgomery,55.27
NC,Orange,333.92
NC,Pamlico,23.12
NC,Pender,56.19
NC,Nash,176.64
NC,Macon,65.29
NC,Henderson,284.91
NC,Haywood,106.29
NC,McDowell,101.05
NC,Lenoir,147.59
NC,Hertford,68.28
NC,Jones,21.30
NC,Johnston,213.22
NC,Harnett,192.45
NC,Hoke,121.01
NC,Lee,223.50
NC,Gates,35.18
NC,Gaston,566.03
NC,Madison,46.02
NC,Forsyth,851.47
NC,Northampton,39.97
NC,Perquimans,40.97
NC,Mitchell,69.94
NC,Graham,29.38
NC,Hyde,4.08
NC,New Hanover,619.15
NC,Halifax,74.56
NC,Moore,125.48
NC,Mecklenburg,"1,691.80"
NC,Stanly,149.60
NC,Durham,909.12
NC,Tyrrell,7.42
NC,Clay,47.93
NC,Edgecombe,111.73
NC,Transylvania,86.92
NC,Forsyth,851.47
NC,Franklin,123.00
NC,Duplin,71.45
NC,Chowan,63.24
NC,Gaston,566.03
NC,Gates,35.18
NC,Chatham,89.86
NC,Graham,29.38
NC,Granville,107.46
NC,Swain,25.88
NC,Greene,80.27
NC,Cherokee,58.76
NC,Cleveland,209.37
NC,Union,316.09
NC,Vance,167.94
NC,Chatham,89.86
NC,Cherokee,58.76
NC,Washington,31.07
NC,Craven,134.23
NC,Chowan,63.24
NC,Clay,47.93
NC,Cleveland,209.37
NC,Warren,47.14
NC,Columbus,60.80
NC,Craven,134.23
NC,Wake,"1,057.84"
NC,Cumberland,486.44
NC,Currituck,44.91
NC,Columbus,60.80
NC,Dare,21.75
NC,Davidson,287.29
NC,Davie,154.85
NC,Catawba,373.31
NC,Caswell,55.34
NC,Surry,137.45
NC,Carteret,49.79
NC,Robeson,141.35
NC,Rockingham,163.44
NC,Lee,223.50
NC,Lenoir,147.59
NC,Scotland,112.70
NC,Lincoln,255.37
NC,Alamance,348.60
NC,Alexander,141.39
NC,Alleghany,47.12
NC,Anson,50.07
NC,Bladen,39.65
NC,Rowan,264.20
NC,Bertie,28.68
NC,Ashe,63.52
NC,Avery,71.75
NC,Rutherford,119.79
NC,Sampson,67.10
NC,Brunswick,102.93
NC,Polk,85.71
NC,Jones,21.30
NC,Buncombe,361.79
NC,Guilford,744.31
NC,Halifax,74.56
NC,Randolph,179.84
NC,Stokes,103.90
NC,Harnett,192.45
NC,Haywood,106.29
NC,Henderson,284.91
NC,Hertford,68.28
NC,Camden,32.23
NC,Caldwell,174.99
NC,Hoke,121.01
NC,Cabarrus,490.29
NC,Hyde,4.08
NC,Iredell,267.54
NC,Jackson,81.59
NC,Burke,176.09
NC,Johnston,213.22
NC,Richmond,97.15
NC,Cumberland,486.44
NC,Beaufort,49.85
NC,Avery,71.75
NC,Camden,32.23
NC,Pitt,257.82
NC,Dare,21.75
NC,Wilson,217.47
NC,Ashe,63.52
NC,Caldwell,174.99
NC,Davidson,287.29
NC,Davie,154.85
NC,Bertie,28.68
NC,Cabarrus,490.29
NC,Alexander,141.39
NC,Person,97.58
NC,Burke,176.09
NC,Bladen,39.65
NC,Wilkes,91.45
NC,Yadkin,113.76
NC,Wayne,220.70
NC,Buncombe,361.79
NC,Caswell,55.34
NC,Durham,909.12
NC,Anson,50.07
NC,Catawba,373.31
NC,Beaufort,49.85
NC,Edgecombe,111.73
NC,Yancey,56.87
NC,Alleghany,47.12
NC,Currituck,44.91
NC,Alamance,348.60
NC,Duplin,71.45
NC,Carteret,49.79
NC,Watauga,162.68
NC,Brunswick,102.93
ND,Sheridan,1.30
ND,Grand Forks,46.50
ND,Cavalier,2.64
ND,Dickey,4.62
ND,Mountrail,3.98
ND,Grant,1.43
ND,Bowman,2.69
ND,Grand,46.50
ND,Morton,14.17
ND,Golden,1.67
ND,Kidder,1.70
ND,Ramsey,8.80
ND,Bottineau,3.79
ND,Divide,1.60
ND,Billings,0.67
ND,Williams,10.51
ND,Slope,0.60
ND,Sioux,3.67
ND,Dunn,1.70
ND,Richland,11.29
ND,Burleigh,48.97
ND,Barnes,7.31
ND,Burke,1.74
ND,Nelson,3.09
ND,Renville,2.77
ND,Hettinger,2.18
ND,Pierce,4.03
ND,Benson,4.63
ND,Stark,18.17
ND,Steele,2.76
ND,Mercer,7.56
ND,Golden Valley,1.67
ND,Stutsman,9.19
ND,Ransom,6.29
ND,Eddy,3.70
ND,Griggs,3.36
ND,Pembina,6.60
ND,Logan,1.98
ND,Grant,1.43
ND,Cass,85.00
ND,LaMoure,3.59
ND,Griggs,3.36
ND,Rolette,14.90
ND,Eddy,3.70
ND,Burleigh,48.97
ND,Wells,3.25
ND,Dunn,1.70
ND,Adams,2.37
ND,Cass,85.00
ND,McLean,3.86
ND,McKenzie,2.24
ND,Ward,30.20
ND,Emmons,2.28
ND,Divide,1.60
ND,Billings,0.67
ND,Dickey,4.62
ND,LaMoure,3.59
ND,Sargent,4.39
ND,McIntosh,2.83
ND,Walsh,8.57
ND,Foster,5.17
ND,Burke,1.74
ND,Bottineau,3.79
ND,Barnes,7.31
ND,Adams,2.37
ND,Cavalier,2.64
ND,Kidder,1.70
ND,Benson,4.63
ND,Emmons,2.28
ND,McHenry,2.82
ND,Oliver,2.51
ND,Foster,5.17
ND,Hettinger,2.18
ND,Towner,2.15
ND,Traill,9.41
ND,Bowman,2.69
NE,Harlan,5.97
NE,Merrick,15.81
NE,Nuckolls,7.83
NE,York,23.70
NE,Adams,55.53
NE,Banner,0.94
NE,Sioux,0.63
NE,Johnson,13.85
NE,McPherson,0.63
NE,Arthur,0.65
NE,Hooker,1.02
NE,Hayes,1.35
NE,Antelope,7.75
NE,Scotts Bluff,49.72
NE,Seward,29.15
NE,Hitchcock,4.03
NE,Knox,7.61
NE,Howard,10.88
NE,Kimball,4.02
NE,Lincoln,14.08
NE,Antelope,7.75
NE,Keya,1.06
NE,Sherman,5.51
NE,Adams,55.53
NE,Saunders,27.45
NE,Keith,7.53
NE,Lancaster,338.07
NE,Kearney,12.58
NE,Sarpy,645.39
NE,Arthur,0.65
NE,Sheridan,2.21
NE,Holt,4.32
NE,Logan,1.34
NE,Nemaha,17.69
NE,Saline,24.69
NE,Madison,60.73
NE,Buffalo,47.34
NE,Fillmore,10.21
NE,Knox,7.61
NE,Burt,13.76
NE,Dundy,2.18
NE,Douglas,"1,528.21"
NE,Butler,14.17
NE,Dodge,67.59
NE,Dixon,12.36
NE,Lancaster,338.07
NE,Deuel,4.40
NE,Valley,7.46
NE,Dawson,23.89
NE,Dawes,6.55
NE,Dakota,78.64
NE,Cedar,11.84
NE,Chase,4.42
NE,Washington,51.57
NE,Cherry,0.95
NE,Loup,1.10
NE,Cheyenne,8.33
NE,Kimball,4.02
NE,Lincoln,14.08
NE,Clay,11.41
NE,Colfax,25.30
NE,Wayne,21.65
NE,Cuming,15.91
NE,Custer,4.24
NE,Webster,6.63
NE,Cass,44.63
NE,Jefferson,13.09
NE,Keya Paha,1.06
NE,Thomas,0.91
NE,Howard,10.88
NE,Hooker,1.02
NE,Holt,4.32
NE,Banner,0.94
NE,Hitchcock,4.03
NE,Stanton,14.22
NE,Hayes,1.35
NE,Harlan,5.97
NE,Jefferson,13.09
NE,Nance,8.32
NE,Hamilton,16.75
NE,Hall,106.49
NE,Blaine,0.66
NE,Boone,8.00
NE,Johnson,13.85
NE,Greeley,4.46
NE,Grant,0.78
NE,Morrill,3.52
NE,Thayer,9.08
NE,Frontier,2.81
NE,Furnas,6.87
NE,Gage,25.92
NE,Garden,1.20
NE,Thurston,17.61
NE,Garfield,3.57
NE,Kearney,12.58
NE,Wheeler,1.43
NE,Brown,2.57
NE,Boyd,3.86
NE,Gosper,4.43
NE,Box,10.48
NE,Keith,7.53
NE,Franklin,5.61
NE,Dawson,23.89
NE,Dakota,78.64
NE,Butler,14.17
NE,Cheyenne,8.33
NE,Furnas,6.87
NE,Blaine,0.66
NE,Dixon,12.36
NE,Dodge,67.59
NE,Buffalo,47.34
NE,Franklin,5.61
NE,Gage,25.92
NE,Polk,12.23
NE,Boyd,3.86
NE,Pierce,12.64
NE,Grant,0.78
NE,Box Butte,10.48
NE,Hamilton,16.75
NE,Perkins,3.38
NE,Cherry,0.95
NE,Clay,11.41
NE,Platte,47.13
NE,Burt,13.76
NE,Dundy,2.18
NE,Boone,8.00
NE,Douglas,"1,528.21"
NE,Fillmore,10.21
NE,Phelps,17.00
NE,Custer,4.24
NE,Otoe,25.46
NE,Brown,2.57
NE,Dawes,6.55
NE,Garfield,3.57
NE,Cedar,11.84
NE,Greeley,4.46
NE,Red Willow,15.39
NE,Colfax,25.30
NE,Chase,4.42
NE,Rock,1.51
NE,Pawnee,6.41
NE,Gosper,4.43
NE,Richardson,15.04
NE,Frontier,2.81
NE,Garden,1.20
NE,Deuel,4.40
NE,Cass,44.63
NE,Hall,106.49
NE,Cuming,15.91
NH,Hillsborough,449.42
NH,Grafton,50.93
NH,Grafton,50.93
NH,Carroll,48.17
NH,Sullivan,79.20
NH,Rockingham,371.40
NH,Belknap,128.28
NH,Coos,18.01
NH,Cheshire,105.49
NH,Merrimack,153.08
NH,Hillsborough,449.42
NH,Strafford,320.84
NH,Cheshire,105.49
NH,Belknap,128.28
NH,Carroll,48.17
NH,Coos,18.01
NJ,Hudson,"10,202.41"
NJ,Monmouth,947.89
NJ,Hunterdon,291.10
NJ,Gloucester,855.93
NJ,Bergen,"3,675.90"
NJ,Atlantic,408.98
NJ,Cape,156.79
NJ,Sussex,278.16
NJ,Hudson,"10,202.41"
NJ,Ocean,631.04
NJ,Salem,177.24
NJ,Burlington,547.88
NJ,Camden,"2,259.78"
NJ,Cape May,156.79
NJ,Camden,"2,259.78"
NJ,Essex,"6,052.63"
NJ,Essex,"6,052.63"
NJ,Warren,299.52
NJ,Union,"5,102.32"
NJ,Hunterdon,291.10
NJ,Middlesex,"2,513.07"
NJ,Atlantic,408.98
NJ,Cumberland,231.99
NJ,Bergen,"3,675.90"
NJ,Mercer,"1,607.96"
NJ,Cumberland,231.99
NJ,Passaic,"2,535.88"
NJ,Gloucester,855.93
NJ,Morris,"1,022.94"
NJ,Somerset,"1,063.50"
NJ,Burlington,547.88
NM,Curry,34.78
NM,Hidalgo,1.41
NM,Lea,14.71
NM,Catron,0.54
NM,Harding,0.32
NM,Colfax,3.65
NM,Grant,7.41
NM,Curry,34.78
NM,Guadalupe,1.55
NM,Guadalupe,1.55
NM,Sierra,2.84
NM,Cibola,6.01
NM,Lincoln,4.24
NM,Luna,8.47
NM,Rio Arriba,6.84
NM,Torrance,4.90
NM,Los Alamos,164.86
NM,Chaves,10.83
NM,Catron,0.54
NM,Socorro,2.68
NM,Colfax,3.65
NM,Santa Fe,75.62
NM,Eddy,12.84
NM,Chaves,10.83
NM,Doa Ana,56.01
NM,Hidalgo,1.41
NM,Doa,56.01
NM,Lincoln,4.24
NM,Union,1.19
NM,San Juan,23.50
NM,Eddy,12.84
NM,Bernalillo,568.98
NM,San Miguel,6.20
NM,Sandoval,35.62
NM,Quay,3.14
NM,Roosevelt,8.15
NM,Bernalillo,568.98
NM,McKinley,13.16
NM,Otero,9.72
NM,Cibola,6.01
NM,De,0.86
NM,De Baca,0.86
NM,Grant,7.41
NM,Taos,14.93
NM,Mora,2.53
NM,Valencia,71.88
NM,Lea,14.71
NM,Harding,0.32
NV,Elko,2.85
NV,Pershing,1.11
NV,Eureka,0.48
NV,Eureka,0.48
NV,Humboldt,1.72
NV,Churchill,4.94
NV,Elko,2.85
NV,Clark,242.31
NV,Churchill,4.94
NV,Lincoln,0.50
NV,Storey,15.16
NV,Esmeralda,0.22
NV,Clark,242.31
NV,Carson City,351.43
NV,Nye,2.41
NV,Esmeralda,0.22
NV,Lander,1.05
NV,White Pine,1.13
NV,Washoe,64.51
NV,Lincoln,0.50
NV,Douglas,63.77
NV,Humboldt,1.72
NV,Mineral,1.25
NV,Lyon,25.72
NV,Carson,351.43
NV,Douglas,63.77
NV,Lander,1.05
NY,Fulton,104.06
NY,Steuben,70.47
NY,Chautauqua,89.88
NY,Delaware,32.61
NY,Tompkins,206.95
NY,Columbia,97.21
NY,Greene,74.64
NY,Cattaraugus,60.66
NY,Kings,"25,924.35"
NY,Columbia,97.21
NY,Lewis,20.98
NY,Genesee,121.20
NY,Cortland,98.22
NY,Fulton,104.06
NY,Essex,20.50
NY,Genesee,121.20
NY,Hamilton,2.67
NY,Ulster,157.12
NY,Oswego,93.10
NY,Dutchess,360.68
NY,Erie,748.94
NY,Queens,"12,556.07"
NY,Putnam,405.18
NY,Suffolk,629.86
NY,Tioga,97.62
NY,Sullivan,77.70
NY,Montgomery,122.56
NY,Jefferson,62.78
NY,Clinton,73.44
NY,Chenango,56.01
NY,Franklin,30.39
NY,Cortland,98.22
NY,Otsego,61.26
NY,Chemung,216.53
NY,Monroe,544.84
NY,Cayuga,92.43
NY,Chautauqua,89.88
NY,Rensselaer,239.48
NY,Franklin,30.39
NY,New York,"47,162.91"
NY,Ontario,163.36
NY,Wayne,67.77
NY,Allegany,47.36
NY,Kings,"25,924.35"
NY,Dutchess,360.68
NY,Broome,280.12
NY,Bronx,"24,198.04"
NY,Saratoga,260.74
NY,Albany,570.04
NY,Seneca,90.28
NY,Schenectady,739.67
NY,Schoharie,52.15
NY,Onondaga,580.20
NY,Delaware,32.61
NY,Warren,70.50
NY,Westchester,"1,901.11"
NY,Madison,110.99
NY,Niagara,189.97
NY,Oneida,186.75
NY,Hamilton,2.67
NY,Broome,280.12
NY,Rockland,"1,567.55"
NY,Bronx,"24,198.04"
NY,Herkimer,44.20
NY,Lewis,20.98
NY,Richmond,"4,590.75"
NY,Orange,445.24
NY,Schuyler,53.46
NY,Albany,570.04
NY,Allegany,47.36
NY,Livingston,101.93
NY,Chemung,216.53
NY,Essex,20.50
NY,Jefferson,62.78
NY,Yates,67.48
NY,Herkimer,44.20
NY,Nassau,"2,958.26"
NY,Greene,74.64
NY,Cattaraugus,60.66
NY,Orleans,52.42
NY,Chenango,56.01
NY,Cayuga,92.43
NY,Clinton,73.44
NY,Erie,748.94
NY,St. Lawrence,39.63
NY,Wyoming,70.60
NY,Washington,74.85
OH,Meigs,54.79
OH,Pickaway,110.01
OH,Belmont,129.86
OH,Miami,250.10
OH,Clinton,101.61
OH,Trumbull,329.73
OH,Fairfield,287.85
OH,Medina,407.77
OH,Fairfield,287.85
OH,Geauga,228.81
OH,Adams,48.73
OH,Wood,202.97
OH,Clermont,429.87
OH,Knox,115.35
OH,Montgomery,"1,154.71"
OH,Allen,261.43
OH,Auglaize,114.29
OH,Athens,128.27
OH,Wyandot,55.41
OH,Tuscarawas,161.95
OH,Ashtabula,74.14
OH,Marion,164.44
OH,Erie,123.03
OH,Clark,343.40
OH,Ashland,124.95
OH,Fayette,71.29
OH,Erie,123.03
OH,Mercer,86.11
OH,Delaware,382.89
OH,Lake,234.88
OH,Lawrence,136.56
OH,Monroe,31.88
OH,Lorain,326.51
OH,Logan,98.07
OH,Champaign,93.23
OH,Washington,96.39
OH,Crawford,108.71
OH,Coshocton,65.05
OH,Franklin,"2,145.07"
OH,Crawford,108.71
OH,Portage,320.11
OH,Clermont,429.87
OH,Fulton,104.76
OH,Coshocton,65.05
OH,Columbiana,201.68
OH,Licking,242.53
OH,Clinton,101.61
OH,Warren,524.13
OH,Clark,343.40
OH,Vinton,32.33
OH,Cuyahoga,"1,026.21"
OH,Columbiana,201.68
OH,Pike,64.72
OH,Union,119.92
OH,Mahoning,560.71
OH,Brown,90.96
OH,Preble,98.90
OH,Madison,93.03
OH,Delaware,382.89
OH,Defiance,94.42
OH,Paulding,46.75
OH,Defiance,94.42
OH,Butler,785.18
OH,Van Wert,69.86
OH,Darke,88.30
OH,Wayne,205.64
OH,Cuyahoga,"1,026.21"
OH,Carroll,72.20
OH,Darke,88.30
OH,Lucas,741.09
OH,Gallia,65.91
OH,Williams,88.70
OH,Fayette,71.29
OH,Perry,87.37
OH,Stark,646.59
OH,Shelby,120.16
OH,Morrow,85.54
OH,Harrison,38.56
OH,Hamilton,"1,944.36"
OH,Brown,90.96
OH,Guernsey,75.91
OH,Hocking,69.56
OH,Henry,66.95
OH,Geauga,228.81
OH,Huron,120.45
OH,Muskingum,128.14
OH,Holmes,100.16
OH,Adams,48.73
OH,Richland,248.31
OH,Ashtabula,74.14
OH,Hamilton,"1,944.36"
OH,Champaign,93.23
OH,Athens,128.27
OH,Huron,120.45
OH,Greene,388.26
OH,Greene,388.26
OH,Jackson,78.85
OH,Summit,"1,289.14"
OH,Gallia,65.91
OH,Ross,112.73
OH,Butler,785.18
OH,Allen,261.43
OH,Auglaize,114.29
OH,Jefferson,169.39
OH,Hancock,139.93
OH,Harrison,38.56
OH,Guernsey,75.91
OH,Ottawa,70.78
OH,Jackson,78.85
OH,Highland,78.16
OH,Hocking,69.56
OH,Hardin,68.21
OH,Hancock,139.93
OH,Holmes,100.16
OH,Lawrence,136.56
OH,Hardin,68.21
OH,Scioto,129.08
OH,Ashland,124.95
OH,Carroll,72.20
OH,Franklin,"2,145.07"
OH,Jefferson,169.39
OH,Seneca,102.45
OH,Putnam,71.13
OH,Sandusky,145.81
OH,Belmont,129.86
OH,Lake,234.88
OH,Licking,242.53
OH,Fulton,104.76
OH,Highland,78.16
OH,Knox,115.35
OH,Henry,66.95
OH,Morgan,35.69
OH,Noble,36.16
OK,Jackson,32.92
OK,Cleveland,460.22
OK,Creek,72.38
OK,Stephens,50.58
OK,Hughes,17.20
OK,Canadian,128.48
OK,Osage,20.59
OK,Cimarron,1.33
OK,Blaine,10.55
OK,Coal,11.32
OK,Pontotoc,51.82
OK,Pawnee,27.93
OK,Okfuskee,19.43
OK,Choctaw,19.05
OK,Cotton,9.62
OK,Caddo,23.00
OK,Craig,19.74
OK,Lincoln,35.55
OK,Haskell,20.38
OK,Cherokee,60.72
OK,Okmulgee,57.10
OK,Oklahoma,"1,003.79"
OK,Kingfisher,16.61
OK,Rogers,122.31
OK,Kiowa,9.15
OK,Noble,15.57
OK,Roger Mills,3.17
OK,Caddo,23.00
OK,Pittsburg,33.24
OK,Sequoyah,59.44
OK,Seminole,39.74
OK,Blaine,10.55
OK,Delaware,52.41
OK,Latimer,15.28
OK,Bryan,45.18
OK,Payne,111.11
OK,Major,7.83
OK,Le,31.38
OK,Dewey,4.78
OK,Lincoln,35.55
OK,Atoka,14.30
OK,Hughes,17.20
OK,Canadian,128.48
OK,Alfalfa,6.39
OK,Jackson,32.92
OK,Woodward,16.04
OK,Woods,6.89
OK,Marshall,37.12
OK,Logan,56.17
OK,Washita,11.49
OK,Jefferson,8.34
OK,Beaver,3.11
OK,Beckham,24.38
OK,Greer,9.64
OK,Love,17.72
OK,Johnston,16.71
OK,Kay,49.13
OK,Carter,57.30
OK,Adair,39.37
OK,Bryan,45.18
OK,Custer,27.43
OK,Harper,3.55
OK,Washington,120.40
OK,Alfalfa,6.39
OK,Grant,4.52
OK,Harmon,5.42
OK,Custer,27.43
OK,Greer,9.64
OK,Ottawa,65.75
OK,Texas,10.16
OK,McCurtain,17.44
OK,Latimer,15.28
OK,Murray,31.79
OK,Johnston,16.71
OK,Cleveland,460.22
OK,Cherokee,60.72
OK,Garfield,57.29
OK,Garvin,33.84
OK,Kay,49.13
OK,Grant,4.52
OK,Atoka,14.30
OK,Delaware,52.41
OK,Garfield,57.29
OK,Garvin,33.84
OK,Dewey,4.78
OK,Haskell,20.38
OK,Coal,11.32
OK,Grady,47.50
OK,Ellis,3.37
OK,Grady,47.50
OK,Harper,3.55
OK,Ellis,3.37
OK,Le Flore,31.38
OK,Comanche,115.76
OK,McClain,59.85
OK,Pushmataha,8.14
OK,Harmon,5.42
OK,Adair,39.37
OK,Comanche,115.76
OK,Cimarron,1.33
OK,Cotton,9.62
OK,Jefferson,8.34
OK,Craig,19.74
OK,Kiowa,9.15
OK,Nowata,18.10
OK,Beaver,3.11
OK,Pottawatomie,87.78
OK,Carter,57.30
OK,Choctaw,19.05
OK,Creek,72.38
OK,Kingfisher,16.61
OK,Tulsa,"1,030.78"
OK,Muskogee,84.67
OK,Mayes,60.42
OK,Tillman,9.08
OK,Beckham,24.38
OK,Wagoner,124.25
OK,McIntosh,28.47
OR,Klamath,10.80
OR,Lake,0.94
OR,Douglas,20.97
OR,Sherman,2.13
OR,Tillamook,18.95
OR,Gilliam,1.53
OR,Harney,0.72
OR,Clackamas,200.16
OR,Benton,126.04
OR,Deschutes,51.67
OR,Benton,126.04
OR,Douglas,20.97
OR,Malheur,3.16
OR,Lincoln,38.52
OR,Lake,0.94
OR,Umatilla,23.53
OR,Clatsop,34.17
OR,Curry,11.25
OR,Morrow,5.47
OR,Gilliam,1.53
OR,Wheeler,0.84
OR,Hood River,42.09
OR,Lane,74.52
OR,Baker,5.21
OR,Marion,265.18
OR,Columbia,71.68
OR,Josephine,50.45
OR,Clatsop,34.17
OR,Crook,6.99
OR,Clackamas,200.16
OR,Grant,1.65
OR,Lincoln,38.52
OR,Hood,42.09
OR,Union,12.63
OR,Curry,11.25
OR,Yamhill,138.25
OR,Linn,50.60
OR,Polk,101.59
OR,Jackson,72.61
OR,Columbia,71.68
OR,Wallowa,2.23
OR,Grant,1.65
OR,Jefferson,12.11
OR,Jackson,72.61
OR,Harney,0.72
OR,Coos,34.88
OR,Coos,34.88
OR,Jefferson,12.11
OR,Josephine,50.45
OR,Crook,6.99
OR,Deschutes,51.67
OR,Wasco,10.54
OR,Lane,74.52
OR,Multnomah,"1,584.33"
OR,Baker,5.21
OR,Washington,731.20
OR,Klamath,10.80
PA,Armstrong,103.67
PA,Perry,82.85
PA,Armstrong,103.67
PA,Mercer,170.77
PA,Fayette,170.95
PA,Lehigh,"1,005.55"
PA,Bedford,48.91
PA,Blair,241.01
PA,Pike,101.14
PA,Northumberland,197.58
PA,Wyoming,69.70
PA,Blair,241.01
PA,Berks,475.78
PA,Adams,194.49
PA,Bedford,48.91
PA,Beaver,384.17
PA,McKean,44.05
PA,Berks,475.78
PA,Schuylkill,189.35
PA,Erie,180.15
PA,Elk,38.27
PA,Allegheny,"1,643.74"
PA,York,478.23
PA,Philadelphia,"10,711.07"
PA,Northampton,789.70
PA,Adams,194.49
PA,Allegheny,"1,643.74"
PA,Bradford,53.91
PA,Montour,138.49
PA,Mifflin,112.50
PA,Susquehanna,52.14
PA,Sullivan,14.15
PA,Potter,16.16
PA,Lawrence,250.98
PA,Monroe,275.31
PA,Cumberland,428.75
PA,Lebanon,368.91
PA,Crawford,85.47
PA,Dauphin,480.64
PA,Jefferson,68.86
PA,Fulton,33.94
PA,Carbon,168.33
PA,Columbia,137.36
PA,Warren,46.47
PA,Clinton,43.74
PA,Cameron,12.72
PA,Bradford,53.91
PA,Clearfield,70.68
PA,Lehigh,"1,005.55"
PA,Clarion,65.48
PA,Columbia,137.36
PA,Venango,80.47
PA,Fayette,170.95
PA,Clarion,65.48
PA,Forest,17.91
PA,Tioga,36.97
PA,Montgomery,"1,644.23"
PA,Erie,180.15
PA,Franklin,193.98
PA,Chester,658.40
PA,Greene,66.81
PA,Elk,38.27
PA,Fulton,33.94
PA,Clearfield,70.68
PA,Clinton,43.74
PA,Union,141.52
PA,Juniata,62.36
PA,Lancaster,528.88
PA,Delaware,"2,932.93"
PA,Centre,138.53
PA,Lackawanna,461.32
PA,Butler,231.58
PA,Cambria,206.80
PA,Crawford,85.47
PA,Lycoming,93.40
PA,Carbon,168.33
PA,Chester,658.40
PA,Cameron,12.72
PA,Cambria,206.80
PA,Wayne,70.45
PA,Dauphin,480.64
PA,Luzerne,354.15
PA,Butler,231.58
PA,Lancaster,528.88
PA,Delaware,"2,932.93"
PA,Westmoreland,352.35
PA,Bucks,"1,005.55"
PA,Forest,17.91
PA,Lawrence,250.98
PA,Lebanon,368.91
PA,Lackawanna,461.32
PA,Huntingdon,51.73
PA,Beaver,384.17
PA,Bucks,"1,005.55"
PA,Juniata,62.36
PA,Franklin,193.98
PA,Indiana,106.45
PA,Huntingdon,51.73
PA,Indiana,106.45
PA,Snyder,119.87
PA,Greene,66.81
PA,Washington,241.48
PA,Jefferson,68.86
PA,Centre,138.53
PA,Cumberland,428.75
PA,Somerset,71.88
RI,Kent,882.45
RI,Bristol,"1,113.88"
RI,Washington,225.85
RI,Kent,882.45
RI,Providence,"1,439.13"
RI,Newport,265.18
RI,Bristol,"1,113.88"
SC,Spartanburg,347.60
SC,Williamsburg,36.64
SC,Pickens,232.83
SC,York,326.11
SC,Saluda,43.11
SC,Sumter,157.72
SC,Union,56.02
SC,Oconee,110.41
SC,Orangeburg,81.85
SC,Richland,499.90
SC,Newberry,58.03
SC,Abbeville,49.60
SC,Jasper,35.66
SC,Chesterfield,57.89
SC,Clarendon,50.24
SC,Horry,215.59
SC,Colleton,34.33
SC,Hampton,37.42
SC,Darlington,121.09
SC,Greenwood,150.59
SC,Chester,56.50
SC,Greenville,569.53
SC,Florence,170.55
SC,Fairfield,33.59
SC,Dillon,78.92
SC,Dorchester,238.89
SC,Edgefield,53.19
SC,Edgefield,53.19
SC,Dorchester,238.89
SC,Georgetown,58.16
SC,Cherokee,139.76
SC,Jasper,35.66
SC,Charleston,258.64
SC,Beaufort,176.48
SC,Lancaster,138.61
SC,Barnwell,40.58
SC,Bamberg,40.37
SC,Laurens,91.92
SC,Anderson,247.31
SC,Allendale,25.10
SC,Aiken,148.61
SC,Abbeville,49.60
SC,Lexington,347.52
SC,Lee,46.69
SC,Lee,46.69
SC,Laurens,91.92
SC,Lancaster,138.61
SC,Calhoun,38.49
SC,Kershaw,83.31
SC,Lexington,347.52
SC,Dillon,78.92
SC,Fairfield,33.59
SC,Kershaw,83.31
SC,Charleston,258.64
SC,Chesterfield,57.89
SC,Chester,56.50
SC,Cherokee,139.76
SC,Calhoun,38.49
SC,Hampton,37.42
SC,McCormick,25.97
SC,Clarendon,50.24
SC,Berkeley,145.56
SC,Beaufort,176.48
SC,Barnwell,40.58
SC,Bamberg,40.37
SC,Anderson,247.31
SC,Allendale,25.10
SC,Aiken,148.61
SC,Horry,215.59
SC,Greenwood,150.59
SC,Berkeley,145.56
SC,Greenville,569.53
SC,Georgetown,58.16
SC,Marlboro,59.57
SC,Marion,66.70
SC,Darlington,121.09
SC,Colleton,34.33
SC,Florence,170.55
SD,Harding,0.46
SD,Buffalo,3.98
SD,Hughes,21.31
SD,Douglas,6.90
SD,Pennington,36.38
SD,Brule,6.22
SD,Hutchinson,9.00
SD,Brown,21.16
SD,Hyde,1.63
SD,Roberts,8.96
SD,Perkins,1.03
SD,Faulk,2.35
SD,Butte,4.47
SD,Brookings,39.78
SD,Oglala Lakota,6.51
SD,Davison,44.66
SD,Custer,5.30
SD,Corson,1.61
SD,Potter,2.60
SD,Day,5.24
SD,Codington,37.95
SD,Clay,33.19
SD,Grant,10.68
SD,Clark,3.83
SD,Deuel,6.83
SD,Fall River,4.07
SD,Gregory,4.04
SD,Haakon,1.05
SD,Hamlin,10.99
SD,Charles Mix,7.95
SD,Dewey,2.18
SD,Hand,2.38
SD,Campbell,1.91
SD,Hanson,7.69
SD,Edmunds,3.54
SD,Meade,7.32
SD,Bennett,2.89
SD,Douglas,6.90
SD,Union,31.00
SD,Dewey,2.18
SD,Deuel,6.83
SD,Day,5.24
SD,Davison,44.66
SD,Custer,5.30
SD,Corson,1.61
SD,Walworth,7.31
SD,Codington,37.95
SD,Clay,33.19
SD,Edmunds,3.54
SD,Clark,3.83
SD,Campbell,1.91
SD,Butte,4.47
SD,Buffalo,3.98
SD,Brule,6.22
SD,Brown,21.16
SD,Brookings,39.78
SD,Bon,12.14
SD,Bennett,2.89
SD,Beadle,13.77
SD,Aurora,3.80
SD,Yankton,42.19
SD,Charles,7.95
SD,Turner,13.52
SD,Tripp,3.49
SD,Fall,4.07
SD,Beadle,13.77
SD,Aurora,3.80
SD,Sanborn,4.13
SD,Lincoln,78.15
SD,Lawrence,30.20
SD,Lake,19.60
SD,Jackson,1.63
SD,Jones,1.04
SD,Jerauld,3.91
SD,Jackson,1.63
SD,Spink,4.25
SD,Hyde,1.63
SD,Hutchinson,9.00
SD,Hughes,21.31
SD,Stanley,1.97
SD,Harding,0.46
SD,Hanson,7.69
SD,Hand,2.38
SD,Hamlin,10.99
SD,Sully,1.28
SD,Haakon,1.05
SD,Gregory,4.04
SD,Grant,10.68
SD,Todd,6.93
SD,Faulk,2.35
SD,Bon Homme,12.14
SD,Kingsbury,5.95
SD,Ziebach,1.43
SD,Marshall,5.24
SD,McCook,9.72
SD,Lyman,2.21
SD,Mellette,1.55
SD,Jerauld,3.91
SD,Lake,19.60
SD,Minnehaha,208.87
SD,Lawrence,30.20
SD,Moody,12.47
SD,Kingsbury,5.95
SD,Lincoln,78.15
SD,McPherson,2.13
SD,Jones,1.04
SD,Miner,4.16
TN,Giles,48.11
TN,Marion,55.12
TN,Cocke,80.46
TN,Coffee,121.47
TN,Grainger,75.06
TN,Dyer,72.78
TN,Gibson,82.38
TN,Warren,91.83
TN,Lake,40.32
TN,Sequatchie,53.12
TN,Sevier,150.80
TN,Lewis,43.02
TN,Carter,165.07
TN,Hardin,43.69
TN,Clay,30.26
TN,Hamblen,356.12
TN,Cannon,51.91
TN,Macon,72.45
TN,Henry,54.52
TN,Hickman,40.27
TN,Lawrence,67.95
TN,Grundy,38.00
TN,Washington,373.87
TN,Cheatham,127.39
TN,Scott,41.71
TN,Carroll,47.46
TN,Chester,60.06
TN,Pickett,29.05
TN,Claiborne,72.99
TN,Marshall,81.57
TN,Stewart,27.08
TN,Greene,110.26
TN,Lauderdale,54.69
TN,Cheatham,127.39
TN,Overton,50.80
TN,Jefferson,164.20
TN,Dickson,101.17
TN,Lincoln,58.55
TN,Moore,48.69
TN,Clay,30.26
TN,Fentress,35.91
TN,Unicoi,98.07
TN,Dyer,72.78
TN,Franklin,71.19
TN,Smith,58.78
TN,Cocke,80.46
TN,Jackson,36.33
TN,Jefferson,164.20
TN,Fentress,35.91
TN,Trousdale,67.51
TN,Madison,175.96
TN,Fayette,54.38
TN,Fayette,54.38
TN,Union,77.37
TN,Johnson,60.39
TN,Perry,18.73
TN,Giles,48.11
TN,Crockett,54.83
TN,Gibson,82.38
TN,Shelby,"1,183.14"
TN,Bradley,299.12
TN,Cumberland,82.07
TN,Houston,40.83
TN,Chester,60.06
TN,Putnam,180.20
TN,Davidson,"1,194.64"
TN,Franklin,71.19
TN,Van Buren,20.22
TN,Humphreys,33.34
TN,Decatur,33.99
TN,DeKalb,56.92
TN,Tipton,129.13
TN,Claiborne,72.99
TN,Knox,823.41
TN,Carroll,47.46
TN,Carter,165.07
TN,Cannon,51.91
TN,Bedford,95.01
TN,Houston,40.83
TN,Bedford,95.01
TN,Sullivan,365.03
TN,Benton,37.82
TN,Polk,38.03
TN,Grundy,38.00
TN,Decatur,33.99
TN,Wilson,196.51
TN,DeKalb,56.92
TN,Sumner,296.89
TN,Hamilton,585.53
TN,Hickman,40.27
TN,Henry,54.52
TN,Bledsoe,31.63
TN,Hamblen,356.12
TN,Rutherford,422.68
TN,Benton,37.82
TN,Humphreys,33.34
TN,Hardeman,40.52
TN,Cumberland,82.07
TN,McNairy,46.22
TN,Anderson,217.94
TN,Jackson,36.33
TN,Lake,40.32
TN,Blount,217.37
TN,Blount,217.37
TN,Robertson,139.28
TN,Davidson,"1,194.64"
TN,Hancock,30.50
TN,Meigs,54.34
TN,Loudon,197.01
TN,Roane,137.04
TN,McMinn,120.84
TN,Hamilton,585.53
TN,Bledsoe,31.63
TN,Lauderdale,54.69
TN,Williamson,315.31
TN,Obion,57.27
TN,Anderson,217.94
TN,Henderson,52.84
TN,Maury,131.89
TN,Hardin,43.69
TN,Grainger,75.06
TN,Hardeman,40.52
TN,Monroe,68.35
TN,Montgomery,318.58
TN,Johnson,60.39
TN,Henderson,52.84
TN,Campbell,81.72
TN,Weakley,60.20
TN,Hancock,30.50
TN,Wayne,23.09
TN,Lawrence,67.95
TN,Lewis,43.02
TN,Campbell,81.72
TN,Rhea,94.76
TN,Haywood,35.13
TN,Coffee,121.47
TN,White,68.04
TN,Crockett,54.83
TN,Haywood,35.13
TN,Hawkins,113.85
TN,Hawkins,113.85
TN,Bradley,299.12
TN,Dickson,101.17
TN,Morgan,42.10
TN,Greene,110.26
TN,Knox,823.41
TX,Hutchinson,24.82
TX,Harrison,71.76
TX,Hardin,61.08
TX,Hood,117.41
TX,Live Oak,10.70
TX,Somervell,44.33
TX,Hopkins,44.42
TX,Jackson,16.42
TX,Haskell,6.45
TX,Sterling,1.23
TX,Lipscomb,3.52
TX,Howard,38.74
TX,Hemphill,4.16
TX,Henderson,82.93
TX,Jack,9.80
TX,Hartley,4.14
TX,Hidalgo,492.25
TX,Hudspeth,0.76
TX,Stephens,10.41
TX,Harris,"2,311.66"
TX,Hill,35.64
TX,Starr,49.77
TX,Hunt,97.86
TX,Hays,232.83
TX,Irion,1.53
TX,Houston,19.16
TX,Hockley,25.14
TX,Jeff Davis,1.04
TX,Jeff,1.04
TX,Anderson,54.25
TX,Andrews,9.88
TX,Angelina,100.52
TX,Aransas,43.95
TX,Archer,9.84
TX,Lavaca,19.83
TX,San Saba,5.39
TX,San Patricio,91.11
TX,Atascosa,36.80
TX,San Jacinto,42.11
TX,Austin,43.30
TX,Bailey,8.65
TX,Bandera,25.76
TX,San Augustine,14.94
TX,Montague,21.02
TX,Bastrop,83.01
TX,Lampasas,27.67
TX,Bee,36.24
TX,Bell,287.61
TX,Sabine,18.84
TX,Rusk,56.89
TX,Lamb,13.77
TX,Runnels,9.94
TX,Bexar,"1,371.76"
TX,Blanco,14.73
TX,Lamar,53.42
TX,Borden,0.71
TX,Bosque,18.21
TX,Bowie,100.39
TX,Rockwall,530.84
TX,Baylor,4.13
TX,Schleicher,2.67
TX,Limestone,25.16
TX,Liberty,64.46
TX,Jefferson,226.93
TX,Smith,221.60
TX,Limestone,25.16
TX,Jim,4.66
TX,Jim,47.07
TX,Johnson,206.00
TX,Liberty,64.46
TX,Jones,21.62
TX,Karnes,19.73
TX,Kaufman,128.61
TX,Kendall,50.75
TX,Sherman,3.28
TX,Kenedy,0.21
TX,Kent,0.90
TX,Kerr,44.83
TX,Kimble,3.66
TX,Shelby,30.47
TX,Leon,15.51
TX,Lee,26.19
TX,Lee,26.19
TX,Lavaca,19.83
TX,Leon,15.51
TX,Scurry,18.68
TX,Jasper,36.94
TX,Lampasas,27.67
TX,Lamar,53.42
TX,La,4.62
TX,Knox,4.36
TX,Kleberg,29.44
TX,Kinney,2.64
TX,King,0.32
TX,Lamb,13.77
TX,Shackelford,3.68
TX,Frio,15.20
TX,Llano,20.04
TX,Carson,6.67
TX,Camp,61.03
TX,Cameron,319.38
TX,Webb,74.45
TX,Callahan,15.00
TX,Calhoun,20.66
TX,Caldwell,69.66
TX,Matagorda,22.77
TX,Burnet,41.90
TX,Burleson,25.43
TX,Wharton,37.75
TX,Wheeler,5.91
TX,Brown,39.81
TX,Maverick,42.19
TX,Brooks,7.64
TX,Cass,31.69
TX,Castro,9.02
TX,Chambers,40.64
TX,Washington,54.28
TX,Concho,4.12
TX,Comanche,14.76
TX,Comal,190.10
TX,Ward,12.70
TX,Colorado,21.44
TX,Collingsworth,3.32
TX,Collin,889.89
TX,Briscoe,1.80
TX,Marion,25.01
TX,Coke,3.58
TX,Cochran,4.05
TX,Clay,9.61
TX,Childress,9.90
TX,Martin,5.26
TX,Cherokee,47.89
TX,Mason,4.30
TX,Coleman,6.94
TX,Cooke,42.79
TX,Brewster,1.50
TX,Brazoria,195.48
TX,Bandera,25.76
TX,Bailey,8.65
TX,Austin,43.30
TX,Atascosa,36.80
TX,Armstrong,2.08
TX,Archer,9.84
TX,Aransas,43.95
TX,Angelina,100.52
TX,Andrews,9.88
TX,McMullen,0.62
TX,Anderson,54.25
TX,Medina,34.58
TX,Yoakum,9.80
TX,Young,19.91
TX,Zapata,13.29
TX,Bastrop,83.01
TX,Baylor,4.13
TX,Menard,2.48
TX,McLennan,222.56
TX,Wichita,208.16
TX,Wilbarger,13.81
TX,Bowie,100.39
TX,Bosque,18.21
TX,Borden,0.71
TX,Willacy,28.31
TX,Blanco,14.73
TX,Brazos,330.97
TX,Williamson,376.00
TX,Wilson,53.28
TX,McCulloch,7.66
TX,Winkler,8.42
TX,Bell,287.61
TX,Bee,36.24
TX,Wise,64.06
TX,Wood,60.41
TX,Bexar,"1,371.76"
TX,Hardeman,5.96
TX,Coryell,71.53
TX,Cottle,1.66
TX,Taylor,143.44
TX,Garza,7.21
TX,Galveston,334.83
TX,Terrell,0.43
TX,Terry,14.21
TX,Gaines,11.69
TX,Freestone,22.21
TX,Throckmorton,1.78
TX,Franklin,35.98
TX,Fort,667.10
TX,Foard,1.89
TX,Titus,76.14
TX,Floyd,6.45
TX,Tom Green,71.84
TX,Fisher,4.38
TX,Gillespie,23.43
TX,Glasscock,1.36
TX,Goliad,8.40
TX,Tarrant,"2,013.49"
TX,Hansford,6.09
TX,Mitchell,10.27
TX,Stonewall,1.62
TX,Hamilton,10.14
TX,Hall,3.71
TX,Hale,36.18
TX,Guadalupe,185.44
TX,Fayette,25.57
TX,Grimes,33.17
TX,Gregg,442.23
TX,Lubbock,311.10
TX,Sutton,2.79
TX,Grayson,123.66
TX,Swisher,8.77
TX,Gray,24.17
TX,Gonzales,18.53
TX,Loving,0.12
TX,Waller,83.89
TX,Travis,"1,007.24"
TX,Falls,23.10
TX,Denton,699.90
TX,Delta,18.86
TX,Deaf,12.97
TX,Milam,24.18
TX,Van Zandt,61.26
TX,Dawson,15.35
TX,Midland,151.86
TX,Dallas,"2,612.06"
TX,Dallam,4.49
TX,Victoria,97.71
TX,Culberson,0.63
TX,Crosby,6.71
TX,Crockett,1.32
TX,Crane,5.57
TX,Walker,85.11
TX,DeWitt,22.02
TX,Val Verde,15.16
TX,Uvalde,16.97
TX,Upton,2.70
TX,Lynn,6.60
TX,Trinity,20.58
TX,Erath,34.76
TX,Ellis,158.06
TX,El,791.78
TX,Edwards,0.94
TX,Mills,6.61
TX,Fannin,37.72
TX,Ector,152.02
TX,Eastland,19.96
TX,Duval,6.53
TX,Madison,29.08
TX,Donley,3.99
TX,Dimmit,7.52
TX,Upshur,66.47
TX,Dickens,2.71
TX,Tyler,23.26
TX,Brazoria,195.48
TX,Armstrong,2.08
TX,Dallas,"2,612.06"
TX,Hidalgo,492.25
TX,Fort Bend,667.10
TX,Kent,0.90
TX,Hale,36.18
TX,Collingsworth,3.32
TX,Hall,3.71
TX,Carson,6.67
TX,Hutchinson,24.82
TX,Hill,35.64
TX,Foard,1.89
TX,Cass,31.69
TX,Castro,9.02
TX,Hansford,6.09
TX,Chambers,40.64
TX,Edwards,0.94
TX,Reagan,2.85
TX,Kerr,44.83
TX,Real,4.75
TX,Red River,12.16
TX,Nolan,16.67
TX,Newton,15.37
TX,Parker,128.88
TX,Parmer,11.62
TX,Comal,190.10
TX,Cameron,319.38
TX,Eastland,19.96
TX,Montgomery,426.62
TX,Jones,21.62
TX,Refugio,8.99
TX,Reeves,5.23
TX,Franklin,35.98
TX,Jim Wells,47.07
TX,Colorado,21.44
TX,Irion,1.53
TX,Ector,152.02
TX,Camp,61.03
TX,Duval,6.53
TX,Floyd,6.45
TX,Kinney,2.64
TX,Fayette,25.57
TX,Brazos,330.97
TX,Kleberg,29.44
TX,Kendall,50.75
TX,Moore,24.18
TX,Erath,34.76
TX,Cochran,4.05
TX,Kenedy,0.21
TX,Houston,19.16
TX,Fannin,37.72
TX,Childress,9.90
TX,Falls,23.10
TX,Clay,9.61
TX,Johnson,206.00
TX,Hopkins,44.42
TX,Hood,117.41
TX,Cherokee,47.89
TX,Presidio,2.04
TX,Kaufman,128.61
TX,Randall,131.38
TX,El Paso,791.78
TX,Oldham,1.37
TX,Coleman,6.94
TX,Pecos,3.26
TX,Hunt,97.86
TX,Rains,42.23
TX,Collin,889.89
TX,Coke,3.58
TX,Hamilton,10.14
TX,Fisher,4.38
TX,Hockley,25.14
TX,Ellis,158.06
TX,Hudspeth,0.76
TX,Howard,38.74
TX,Deaf Smith,12.97
TX,Karnes,19.73
TX,Comanche,14.76
TX,Potter,131.66
TX,Freestone,22.21
TX,Hartley,4.14
TX,Dickens,2.71
TX,Gonzales,18.53
TX,Goliad,8.40
TX,Haskell,6.45
TX,Brown,39.81
TX,Nueces,292.01
TX,Glasscock,1.36
TX,La Salle,4.62
TX,Harris,"2,311.66"
TX,Gillespie,23.43
TX,Jim Hogg,4.66
TX,Dallam,4.49
TX,Dimmit,7.52
TX,Panola,28.95
TX,DeWitt,22.02
TX,Hardin,61.08
TX,Harrison,71.76
TX,Motley,1.22
TX,Delta,18.86
TX,Brewster,1.50
TX,Denton,699.90
TX,Briscoe,1.80
TX,Kimble,3.66
TX,Jasper,36.94
TX,Dawson,15.35
TX,Zavala,9.01
TX,Grayson,123.66
TX,Robertson,19.17
TX,Brooks,7.64
TX,Gray,24.17
TX,Roberts,1.00
TX,Orange,216.04
TX,King,0.32
TX,Jefferson,226.93
TX,Garza,7.21
TX,Gregg,442.23
TX,Crosby,6.71
TX,Donley,3.99
TX,Culberson,0.63
TX,Ochiltree,11.08
TX,Knox,4.36
TX,Cottle,1.66
TX,Coryell,71.53
TX,Caldwell,69.66
TX,Hardeman,5.96
TX,Cooke,42.79
TX,Calhoun,20.66
TX,Concho,4.12
TX,Callahan,15.00
TX,Gaines,11.69
TX,Frio,15.20
TX,Palo Pinto,28.52
TX,Guadalupe,185.44
TX,Grimes,33.17
TX,Morris,49.95
TX,Crane,5.57
TX,Hays,232.83
TX,Crockett,1.32
TX,Polk,40.95
TX,Navarro,44.06
TX,Galveston,334.83
TX,Hemphill,4.16
TX,Burleson,25.43
TX,Jackson,16.42
TX,Burnet,41.90
TX,Nacogdoches,65.88
TX,Jack,9.80
TX,Henderson,82.93
UT,Box,7.45
UT,Weber,351.78
UT,Tooele,8.03
UT,Cache,96.60
UT,Piute,2.03
UT,Grand,2.53
UT,Daggett,1.48
UT,Garfield,1.00
UT,Emery,2.45
UT,Iron,14.02
UT,Morgan,15.58
UT,Duchesne,5.73
UT,Davis,484.53
UT,Summit,19.41
UT,Juab,3.01
UT,Uintah,7.20
UT,Duchesne,5.73
UT,Carbon,14.42
UT,Iron,14.02
UT,Utah,242.31
UT,Millard,1.83
UT,Sanpete,17.39
UT,Davis,484.53
UT,Cache,96.60
UT,Sevier,10.85
UT,Washington,56.95
UT,Daggett,1.48
UT,Juab,3.01
UT,Salt Lake,"1,281.98"
UT,Garfield,1.00
UT,Kane,1.74
UT,Beaver,2.57
UT,Grand,2.53
UT,Box Elder,7.45
UT,Wasatch,19.60
UT,San Juan,1.87
UT,Carbon,14.42
UT,Rich,2.08
UT,Kane,1.74
UT,Wayne,1.12
UT,Beaver,2.57
UT,Emery,2.45
VA,Lynchburg city,"1,526.24"
VA,Fauquier,100.46
VA,Craig,15.66
VA,Grayson,34.67
VA,Giles,47.99
VA,Dinwiddie,55.20
VA,Charlottesville,"4,245.08"
VA,Floyd,40.16
VA,Culpeper,122.38
VA,Covington,"1,050.26"
VA,Hanover,210.89
VA,Cumberland,33.50
VA,Brunswick,30.60
VA,Buchanan,47.69
VA,Virginia Beach city,882.83
VA,Charlotte,26.27
VA,Fairfax city,"3,602.23"
VA,Campbell,108.19
VA,Martinsville city,"1,248.18"
VA,Sussex,24.36
VA,Greene,117.70
VA,Falls Church city,"6,068.26"
VA,Fairfax,"2,676.14"
VA,Warren,172.78
VA,Orange,97.55
VA,Grayson,34.67
VA,Colonial,"2,225.49"
VA,Chesterfield,725.82
VA,Greensville,41.21
VA,Lunenburg,29.83
VA,Chesapeake,637.05
VA,Greensville,41.21
VA,Surry,22.75
VA,Greene,117.70
VA,Goochland,75.03
VA,Middlesex,52.05
VA,Gloucester,128.23
VA,Dickenson,47.56
VA,Essex,39.00
VA,Danville,976.90
VA,Goochland,75.03
VA,Patrick,38.03
VA,Manassas Park city,"5,675.07"
VA,Galax,854.71
VA,Franklin city,"1,026.30"
VA,Fairfax,"3,602.23"
VA,Manassas city,"3,853.03"
VA,Dinwiddie,55.20
VA,Halifax,43.58
VA,Dickenson,47.56
VA,Madison,41.30
VA,Fluvanna,88.83
VA,Floyd,40.16
VA,Fredericksburg,"2,301.81"
VA,Frederick,189.15
VA,Hampton city,"1,008.25"
VA,Carroll,62.90
VA,Essex,39.00
VA,Caroline,53.30
VA,Franklin,"1,026.30"
VA,Franklin,79.01
VA,Franklin,79.01
VA,Fairfax,"2,676.14"
VA,Buckingham,29.32
VA,Galax city,854.71
VA,Westmoreland,68.96
VA,Gloucester,128.23
VA,Fluvanna,88.83
VA,Page,76.57
VA,Buena,979.51
VA,Mathews,35.61
VA,Petersburg city,"1,405.04"
VA,Giles,47.99
VA,Waynesboro city,"1,387.15"
VA,Tazewell,86.85
VA,Emporia city,850.37
VA,Washington,96.94
VA,Fredericksburg city,"2,301.81"
VA,Frederick,189.15
VA,Fauquier,100.46
VA,Charles,35.55
VA,Falls,"6,068.26"
VA,Emporia,850.37
VA,Clarke,78.89
VA,Louisa,65.28
VA,King and Queen,21.36
VA,Richmond,42.82
VA,Bath,8.82
VA,Alleghany,36.15
VA,King,55.94
VA,King,126.10
VA,Buena Vista city,979.51
VA,Lancaster,49.13
VA,Chesapeake city,637.05
VA,Shenandoah,82.18
VA,King,21.36
VA,Salem city,"1,714.21"
VA,Lexington city,"2,799.05"
VA,Newport News city,"1,512.99"
VA,Bath,8.82
VA,Buckingham,29.32
VA,Wise,102.64
VA,Buchanan,47.69
VA,Bedford,96.55
VA,Pulaski,105.64
VA,Bedford,96.55
VA,Brunswick,30.60
VA,Alexandria,"9,095.13"
VA,Clarke,78.89
VA,Wythe,62.96
VA,Russell,60.50
VA,Prince William,"1,166.14"
VA,Smyth,71.18
VA,Albemarle,136.62
VA,Prince George,126.38
VA,Chesterfield,725.82
VA,Prince Edward,66.05
VA,Radford city,"1,611.99"
VA,Charlottesville city,"4,245.08"
VA,Alleghany,36.15
VA,Alexandria city,"9,095.13"
VA,Albemarle,136.62
VA,Amelia,35.53
VA,Arlington,"8,027.10"
VA,Amherst,67.64
VA,Appomattox,44.91
VA,Accomack,25.32
VA,Campbell,108.19
VA,Augusta,75.69
VA,Lexington,"2,799.05"
VA,Isle of Wight,97.26
VA,Lee,58.40
VA,Arlington,"8,027.10"
VA,Amelia,35.53
VA,Lee,58.40
VA,Mecklenburg,48.14
VA,Rappahannock,28.07
VA,Scott,42.93
VA,Carroll,62.90
VA,Appomattox,44.91
VA,New Kent,82.99
VA,Augusta,75.69
VA,Lancaster,49.13
VA,Charles City,35.55
VA,Montgomery,243.37
VA,Richmond city,"3,269.19"
VA,Nelson,31.59
VA,Charlotte,26.27
VA,Amherst,67.64
VA,Caroline,53.30
VA,James,377.96
VA,Hopewell city,"2,095.81"
VA,Henrico,"1,255.85"
VA,Roanoke,367.94
VA,Hopewell,"2,095.81"
VA,Hanover,210.89
VA,Norfolk city,"2,521.59"
VA,Northumberland,43.24
VA,Northampton,15.59
VA,Highland,5.52
VA,Bland,19.02
VA,Rockbridge,37.07
VA,King William,55.94
VA,Portsmouth city,"2,043.46"
VA,Botetourt,60.79
VA,Stafford,463.64
VA,Henry,140.73
VA,Botetourt,60.79
VA,Henrico,"1,255.85"
VA,Poquoson city,154.84
VA,Covington city,"1,050.26"
VA,Accomack,25.32
VA,Craig,15.66
VA,Staunton city,"1,189.88"
VA,Cumberland,33.50
VA,Bristol city,"1,357.48"
VA,Culpeper,122.38
VA,King George,126.10
VA,Roanoke city,"2,258.43"
VA,Harrisonburg,"2,821.85"
VA,Danville city,976.90
VA,Southampton,30.86
VA,Bristol,"1,357.48"
VA,Loudoun,605.19
VA,Pittsylvania,64.99
VA,Halifax,43.58
VA,Winchester city,"2,828.76"
VA,James City,377.96
VA,York,303.47
VA,Harrisonburg city,"2,821.85"
VA,Spotsylvania,297.30
VA,Suffolk city,197.82
VA,Bland,19.02
VA,Nottoway,50.10
VA,Isle,97.26
VA,Highland,5.52
VA,Hampton,"1,008.25"
VA,Powhatan,107.03
VA,Henry,140.73
VA,Colonial Heights city,"2,225.49"
VA,Norton city,527.48
VA,Williamsburg city,"1,507.77"
VA,Rockingham,89.47
VT,Franklin,69.05
VT,Orange,41.81
VT,Caledonia,47.42
VT,Orleans,37.75
VT,Addison,45.57
VT,Windsor,57.95
VT,Washington,85.66
VT,Chittenden,253.13
VT,Lamoille,52.87
VT,Rutland,65.17
VT,Lamoille,52.87
VT,Bennington,54.71
VT,Essex,9.32
VT,Grand Isle,35.74
VT,Essex,9.32
VT,Windham,55.76
VT,Chittenden,253.13
VT,Franklin,69.05
VT,Grand,35.74
VT,Caledonia,47.42
VT,Bennington,54.71
VT,Addison,45.57
WA,Island,152.10
WA,Yakima,56.63
WA,Benton,100.26
WA,Clallam,26.78
WA,Clark,650.48
WA,Columbia,4.71
WA,Cowlitz,87.80
WA,Chelan,24.29
WA,Grant,32.10
WA,Wahkiakum,13.82
WA,Grays Harbor,32.74
WA,Garfield,3.15
WA,Pacific,17.08
WA,Asotin,33.87
WA,San Juan,25.37
WA,Walla Walla,45.36
WA,Adams,9.72
WA,Pend Oreille,9.10
WA,Ferry,3.34
WA,Clallam,26.78
WA,Kitsap,444.67
WA,Clark,650.48
WA,Skagit,60.92
WA,Skamania,6.59
WA,Benton,100.26
WA,Snohomish,325.71
WA,Jefferson,13.70
WA,Thurston,327.14
WA,Franklin,62.53
WA,Spokane,265.08
WA,Kittitas,17.58
WA,Island,152.10
WA,Columbia,4.71
WA,Garfield,3.15
WA,Douglas,20.84
WA,Pierce,440.36
WA,Cowlitz,87.80
WA,Whatcom,80.50
WA,Grant,32.10
WA,Grays,32.74
WA,Stevens,17.12
WA,King,839.85
WA,Whitman,20.56
WA,Lincoln,4.52
WA,Okanogan,7.76
WA,King,839.85
WA,Douglas,20.84
WA,Jefferson,13.70
WA,Lewis,30.98
WA,Lewis,30.98
WA,Adams,9.72
WA,Klickitat,10.69
WA,Asotin,33.87
WA,Ferry,3.34
WA,Kittitas,17.58
WA,Kitsap,444.67
WA,Franklin,62.53
WA,Chelan,24.29
WA,Mason,57.80
WA,Klickitat,10.69
WI,Waukesha,671.93
WI,Ashland,7.05
WI,Brown,403.56
WI,Iowa,30.81
WI,Oneida,29.06
WI,Menominee,11.66
WI,Clark,28.46
WI,Buffalo,19.09
WI,Calumet,123.37
WI,Adams,30.35
WI,Oconto,32.78
WI,Burnett,17.53
WI,Wood,92.40
WI,Waupaca,68.51
WI,Waushara,38.42
WI,Jefferson,143.60
WI,Jackson,20.46
WI,Barron,51.52
WI,Juneau,33.12
WI,Bayfield,7.35
WI,Winnebago,288.65
WI,Washington,302.76
WI,Chippewa,60.13
WI,Iron,6.41
WI,Fond,132.72
WI,Washburn,18.67
WI,Pierce,69.46
WI,Racine,246.73
WI,Taylor,20.96
WI,Douglas,29.86
WI,Dunn,50.80
WI,Eau Claire,153.47
WI,Sheboygan,90.79
WI,Shawano,46.11
WI,La,239.29
WI,Forest,8.88
WI,Lafayette,26.46
WI,Florence,8.85
WI,Langlade,22.45
WI,Kenosha,220.92
WI,Adams,30.35
WI,Sawyer,12.27
WI,Monroe,49.29
WI,Trempealeau,38.88
WI,Pepin,29.93
WI,Kewaunee,18.97
WI,Sauk,73.10
WI,Door,11.69
WI,Grant,43.26
WI,Lincoln,31.70
WI,St. Croix,114.72
WI,Portage,85.05
WI,Iowa,30.81
WI,Crawford,27.73
WI,Polk,46.17
WI,Iron,6.41
WI,Dane,394.90
WI,Jackson,20.46
WI,Marquette,33.13
WI,Price,11.04
WI,Jefferson,143.60
WI,Clark,28.46
WI,Kewaunee,18.97
WI,Juneau,33.12
WI,Green,50.07
WI,Green,63.04
WI,Chippewa,60.13
WI,Kenosha,220.92
WI,Dodge,97.74
WI,Calumet,123.37
WI,Columbia,71.47
WI,Barron,51.52
WI,Buffalo,19.09
WI,La Crosse,239.29
WI,Manitowoc,54.41
WI,Walworth,177.19
WI,Crawford,27.73
WI,Langlade,22.45
WI,Dodge,97.74
WI,Marathon,85.05
WI,Outagamie,274.37
WI,Vernon,36.42
WI,Ozaukee,77.36
WI,Grant,43.26
WI,Columbia,71.47
WI,Vilas,21.06
WI,Dane,394.90
WI,Marinette,26.91
WI,Bayfield,7.35
WI,Door,11.69
WI,Rock,220.67
WI,Rusk,15.81
WI,Milwaukee,797.13
WI,Florence,8.85
WI,Ashland,7.05
WI,Burnett,17.53
WI,Eau,153.47
WI,Lafayette,26.46
WI,Brown,403.56
WI,Green Lake,50.07
WI,Richland,30.52
WI,Dunn,50.80
WI,Green,63.04
WI,Douglas,29.86
WI,Fond du Lac,132.72
WI,Forest,8.88
WV,Preston,51.52
WV,Berkeley,325.48
WV,Monongalia,264.47
WV,Nicholas,40.09
WV,Roane,30.78
WV,Berkeley,325.48
WV,Brooke,259.17
WV,Boone,48.91
WV,Jackson,62.02
WV,Ritchie,22.92
WV,Monroe,28.51
WV,Clay,27.22
WV,Wyoming,47.29
WV,Cabell,334.52
WV,Lewis,42.06
WV,Lincoln,49.41
WV,Barbour,48.41
WV,Raleigh,129.50
WV,Barbour,48.41
WV,Jefferson,253.45
WV,Jefferson,253.45
WV,Wood,230.86
WV,Putnam,158.94
WV,Calhoun,27.21
WV,Jackson,62.02
WV,Wirt,24.42
WV,Kanawha,211.91
WV,McDowell,41.25
WV,Lewis,42.06
WV,Randolph,28.25
WV,Pleasants,56.31
WV,Braxton,28.13
WV,Gilmer,25.63
WV,Gilmer,25.63
WV,Morgan,76.23
WV,Taylor,96.07
WV,Cabell,334.52
WV,Webster,16.44
WV,Mason,61.47
WV,Calhoun,27.21
WV,Mingo,63.13
WV,Mercer,148.12
WV,Hancock,348.56
WV,Ohio,407.97
WV,Fayette,68.82
WV,Wayne,82.84
WV,Mineral,85.80
WV,Upshur,68.39
WV,Doddridge,25.58
WV,Fayette,68.82
WV,Tucker,16.88
WV,Hampshire,37.16
WV,Pendleton,11.03
WV,Kanawha,211.91
WV,Grant,24.78
WV,Wetzel,45.82
WV,Logan,80.61
WV,Greenbrier,34.67
WV,Boone,48.91
WV,Clay,27.22
WV,Harrison,166.24
WV,Hardy,24.00
WV,Pocahontas,9.24
WV,Hancock,348.56
WV,Braxton,28.13
WV,Doddridge,25.58
WV,Hampshire,37.16
WV,Marion,181.43
WV,Tyler,35.24
WV,Summers,37.89
WV,Hardy,24.00
WV,Grant,24.78
WV,Marshall,105.91
WV,Harrison,166.24
WV,Greenbrier,34.67
WV,Brooke,259.17
WY,Crook,2.48
WY,Fremont,4.34
WY,Big Horn,3.70
WY,Natrona,14.04
WY,Goshen,6.01
WY,Uinta,10.11
WY,Converse,3.24
WY,Washakie,3.81
WY,Laramie,34.31
WY,Park,4.06
WY,Albany,8.46
WY,Lincoln,4.41
WY,Campbell,9.62
WY,Big,3.70
WY,Converse,3.24
WY,Niobrara,0.95
WY,Crook,2.48
WY,Sublette,2.07
WY,Platte,4.11
WY,Johnson,2.05
WY,Sweetwater,4.16
WY,Hot Springs,2.39
WY,Sheridan,11.54
WY,Goshen,6.01
WY,Weston,2.99
WY,Teton,5.05
WY,Fremont,4.34
WY,Hot,2.39
WY,Carbon,1.99
WY,Campbell,9.62
WY,Johnson,2.05
WY,Albany,8.46
WY,Carbon,1.99
WY,Laramie,34.31
